"District","Institution","Institution contact num","Covidbeds Avaialable","O2units Available","ICU beds avaialable","Ventilators Avaialble","Last Updated","Remarks"
"Ariyalur","A.S Hospital","0","1","0","1","0","2021-05-12 09:36:55","12.05.2021"
"Ariyalur","Golden Hospital","9487576493","1","0","0","0","2021-05-12 10:10:19","Report 12/05/2021."
"Chengalpattu","Annai Arul Hospital","4471700700","0","0","0","0","2021-05-12 10:35:13","12.05.2021"
"Chengalpattu","Chennai Emergency care Centre Pammal","7358244662","0","0","0","0","2021-05-12 09:24:04","12.05.2021"
"Chengalpattu","Dr. Rela Institute","9600130888","0","0","0","0","2021-05-12 08:36:26","12-05-21"
"Chengalpattu","Sudar Hospitals, Hasthinapuram","9710446115","0","0","0","0","2021-05-24 19:04:22","24/05/2021"
"Chengalpattu","Sugam Hospital, Chromepet","8585858550","38","18","8","8","2021-08-11 07:29:36","11-8-2021 7 AM update"
"Chengalpattu","Deepam Hospitals, West Tambaram","8300017171","9","4","3","1","2021-09-11 10:10:39","11/09/2021 @ 10 am"
"Chennai","Apollo Hospital, Greams Road","7397242423","0","0","0","0","2021-05-15 11:12:42","15.05.2021"
"Chennai","Apollo Hospitals, Vanagaram","7824821042","112","28","15","7","2022-03-13 09:56:04","13.03.2022."
"Chennai","Appasamy Hospital","6379350953","57","48","9","2","2021-07-22 17:08:39","June 22nd@ 5:00 PM"
"Chennai","ArunVijaya Hospitals, KK Nagar","6380760063","0","0","0","0","2021-05-12 08:13:51","12.05.2021"
"Chennai","Astra Ortho N Spine Care Hospital","9677311333","6","4","0","0","2021-05-27 11:19:08","27.05.2021"
"Chennai","Aysha Hospital","7824030941","0","0","0","0","2021-05-12 10:19:51",""
"Chennai","Be Well Hospital Anna nagar","9500032230","0","0","0","0","2021-05-12 08:04:40","Updated status on 12.05.2021 @ 08.05am"
"Chennai","Bhaarath medical college and hospital","446111222","0","0","0","0","2021-05-12 18:46:20","12-05-2021"
"Chennai","Bharathiraja Hospital & Research Centre Pvt Ltd","9444170203","0","0","0","0","2021-05-24 08:06:41","24.05.2021"
"Chennai","Billroth Hospitals Shenoy Nagar, Chennai TN.","4442921777","0","0","0","0","2021-05-12 19:53:28",""
"Chennai","Bloom Fertility and Healthcare, Velachery","9551841153","0","0","0","0","2021-08-04 10:07:39","today report"
"Chennai","C.s.i Rainy Multi Speciality Hospital Tondaiarpet","9941415544","0","0","0","0","2021-05-12 08:51:12","12.05.2021 updated"
"Chennai","Chennai Orthopedic Centre -ER","9790082003","0","0","0","0","2021-05-12 08:05:16","updated 01 12/05/2021"
"Chennai","Chettinad Hospital","9094713000","0","0","0","0","2021-05-12 14:50:25",""
"Chennai","CSI Kalyani General Hospital","8667243945","107","47","10","2","2021-08-10 09:24:58","10/08/2021"
"Chennai","Dr.Kamakshi Memorial Hospital","7299693649","18","13","5","1","2021-10-09 10:43:37","9/10/2021"
"Chennai","Fortis Malar Hospital","9962000500","0","0","0","0","2021-05-17 10:07:59","17-05-2021"
"Chennai","Frontier Lifeline Hospital","9790745924","0","0","0","0","2021-05-09 08:57:03","C PAP - NIL CASES, BPAP - NIL CASES, Update"
"Chennai","Girishwari Hospital Alwarpet","9677059215","0","0","0","0","2021-05-12 09:47:59","12-05-2021"
"Chennai","GKM Hospital Pvt Ltd","8220894051","0","0","0","0","2021-05-11 22:52:08","11/05/2021"
"Chennai","GLB Hospital","9363083074","17","10","7","0","2022-01-12 09:50:52","shanthi colony anna nagar"
"Chennai","Gleneagles Global Health City","8056266444","0","0","0","0","2021-05-11 11:19:07","12.05.21"
"Chennai","Gunasekaran Hospitals Pvt Ltd","8939414061","0","0","0","0","2021-05-12 09:30:29","12.05.2021 Morning Report"
"Chennai","Hycare Super Speciality Hospital","9384060780","10","0","0","1","2021-05-12 16:15:18","12/05/2021"
"Chennai","K.P Hospital, Adambakkam","9952029234","6","0","0","0","2021-05-19 10:13:50","no data changes"
"Chennai","Kanchi Kamakoti Child Trust Hospital","9677003334","0","0","0","1","2021-05-13 09:23:57","13/05/2021. Only Children\'s admission allowed. Age Limit Less Than 18 Yrs"
"Chennai","Karpaga Vinayaga Medical Science & Ri","4471565100","144","0","0","0","2021-05-12 17:31:46",""
"Chennai","Kauvery Hospital","7825809004","0","0","0","0","2021-05-20 09:51:38","20/05/2021"
"Chennai","Kumaran Hospital Pvt ltd","9791144090","0","0","0","0","2021-05-12 09:25:41","12/05/2021"
"Chennai","KVT Speciality Hospital, Erukanchery","7358330026","0","0","0","1","2021-05-17 09:49:06","17.05.2021"
"Chennai","Laksha Hospital Royapettah","9500054797","0","0","0","0","2021-05-28 09:47:34","28.5.2021"
"Chennai","Life Care Hospital","8939396762","0","0","0","0","2021-05-21 18:52:39","21.5.2021"
"Chennai","Lifeline Hospitals","9500073959","0","0","0","0","2021-05-31 10:48:01","31.05.2021"
"Chennai","M G M Health Care Pvt Ltd","9384002406","0","0","0","0","2021-05-12 11:09:08","12-05-2021"
"Chennai","M.R Hospital","7358582427","1","1","0","0","2021-05-12 10:25:40","12.05.2021"
"Chennai","Maya Nursing Home","9841383989","0","0","0","0","2021-05-24 08:33:34","SAME"
"Chennai","Medway Hospital","7299057830","0","0","0","0","2021-05-12 13:43:09","12-05-2021"
"Kancheepuram","Meenakshi Medical College","6380607107","20","0","0","0","2021-05-12 13:07:01","Update 12.05.21"
"Chennai","Melmaruvathur Aadhiparasakthi Medical College","7904683997","12","0","0","0","2021-05-25 07:02:54","25.05.2021 7 AM"
"Chennai","Mint Hospital","7338777444","0","0","0","0","2021-05-15 09:21:45","15.05.2021"
"Chennai","Miot Hospital","7824060120","23","0","0","0","2021-05-14 09:19:59","COVID EMERGENCY CALL 105710 DIRECT FROM MOBILE"
"Chennai","MMRV Hospital","9884926283","0","0","0","0","2021-05-12 07:35:19","12/05/2021"
"Chennai","Muthu hospital","9445330478","0","0","0","2","2021-05-13 09:42:58","13.05.2021"
"Chennai","National Hospital","9381166707","0","0","0","0","2021-05-12 07:37:22","12-05-2021"
"Chennai","New Hope Multi Speciality Hospital, Kilpauk","9092967547","0","0","0","0","2021-05-09 07:07:00",""
"Chennai","Medway Hospital,Mugappair","6374577148","0","0","0","0","2021-05-12 13:42:44","12-05-2021"
"Chennai","New Lifemed Hospital","9840021112","0","0","0","0","2021-05-15 09:33:06","15/5/2021"
"Chennai","Noble Hospital","9445330478","0","0","0","0","2021-05-20 08:59:43",""
"Chennai","Orthomed Hospital","9940099992","0","0","0","0","2021-05-12 09:24:30","Mythily"
"Chennai","Padmini Nursing Home Chetpet","9791023518","0","0","0","0","2021-05-18 08:47:11","Updated"
"Chennai","Panimalar Medical College & Hospital","8610850481","0","0","0","0","2021-05-12 09:50:55","."
"Chennai","Prashanth Hospital","9840338752","0","0","0","0","2021-05-12 16:46:39","12/05/2021 @ 4:00 pm"
"Chennai","Rama Rau Polyclinc, Kilpauk","9092967547","0","0","0","0","2021-05-07 07:04:29","Extra beds 6 beds Occupied"
"Chennai","Retteri Sri Kumaran Health Centre (P) Ltd, Kolathur","9003956999","0","0","0","0","2021-06-08 16:49:37","08.06.2021"
"Chennai","RPS hospital pvt ltd","7358764200","0","0","0","0","2021-05-11 10:11:21","11/05/21"
"Chennai","Sai Speed Hospital, Arumbakkam","8610850006","0","0","0","0","2021-05-15 17:07:49","Updated as on 15/5/2021"
"Chennai","Sakthi Hospital Research Centre Triplicane","9840264444","5","0","0","0","2021-05-12 10:05:54","12.05.2021"
"Chennai","Saveetha Medical College","4466726672","13","0","0","0","2021-05-12 09:36:52","12.05.2021"
"Chennai","SIMS Hospital Vadapalani","7397783719","0","0","0","0","2021-05-12 11:56:19","12.05.2021"
"Chennai","Sivam Hospitals, Ullagaram","9787859841","12","5","2","0","2021-05-25 14:25:03","25.05.2021"
"Chennai","Sooriya Hospital","9500085477","0","0","0","0","2021-05-12 09:38:26","Status as on 12.05.21. No bed available.All beds fulled."
"Chennai","Sree Balaji Medical College & Hospital","4442911000","17","0","0","0","2021-05-19 09:39:10",""
"Chennai","Sree Lakshmi Clinic and Maternity Centre","9952900795","0","0","0","2","2021-05-12 12:16:24","12/05/2021"
"Chennai","Sri Ramachandra Medical College Hospital, Porur","8939433555","279","243","6","0","2021-07-17 08:40:08",""
"Chennai","Sri Sathya Sai Medical College & Research Institue","4427440700","316","0","0","0","2021-05-14 14:51:49","14.5.2021 Acute O2 shortage. Getting O2 in once in 18 hrs where as the requirement is once in 8 hrs. So we are not able to function the full capacity"
"Chennai","Srinivas Priya Hospital Perambur","7550057577","17","13","4","1","2021-06-18 10:27:52","18.06.2021"
"Chennai","Srinivasan Rajalakshmi Memorial Hospital","9444896010","0","0","0","0","2021-05-23 07:48:58","23.05.2021 - 07.50 am"
"Chennai","Srm Medical College & Hospital","8056072277","167","11","0","0","2021-05-13 09:36:21","SRM MCH & RC"
"Chennai","St. Thomas Hospital","8126948524","0","0","0","0","2021-05-12 15:54:59","12.5.2021"
"Chennai","Sundaram Medical Foundation","9884245646","0","0","0","0","2021-05-13 08:59:15",""
"Chennai","Tagore Medical College & Hospital","4430101111","410","45","16","7","2021-08-10 09:17:57","10/08/2021 9.22 AM"
"Chennai","The Guest Hospital, Kilpauk","8903573717","11","4","2","0","2021-08-23 17:03:41",""
"Chennai","Tosh Hospitals Pvt Ltd","9894467903","0","0","0","0","2021-05-12 08:49:42","12-05-2021"
"Chennai","Trinity Acute care Hospital","8056621324","0","0","0","0","2021-05-12 12:48:33","12/05/2021"
"Chennai","Vasantha Subramanian Hospitals Pvt Ltd, Chetpet","9884875111","0","0","0","0","2021-05-19 13:47:39","19/05/2021 @ 1PM"
"Chennai","Venkateswara Hospital","9841275552","0","0","0","0","2021-05-12 20:15:58","12.05.2021 at 4 pm"
"Chennai","Vhs, Adayar","4422542971","0","0","0","0","2021-05-15 13:44:10","15/05/2021"
"Chennai","Vihaa Hospital Anna Nagar","9841432348","0","0","0","0","2021-05-14 07:48:33","14/05/2021. 7.45 am"
"Chennai","Vijaya Group Of Hospital","9500126786","0","0","0","0","2021-05-12 09:38:48","12/05/2021"
"Chennai","Sims (Srm Institutes For Medical Science Hospital) Nungumbakkam","7339355444","0","0","0","0","2021-05-11 10:31:18","11.05.2021"
"Chennai","KMS Health Centre Pvt Ltd,Selaiyur","7200462325","0","0","0","0","2021-05-21 10:22:05","21.05.2020"
"Chennai","Nichani Hospital","9840566854","0","0","0","0","2021-05-12 16:12:31","12/05/2021 - 4pm"
"Chennai","Dr.Metha hospital Chetpet","7305026464","0","0","0","0","2021-05-12 09:07:11","12/05/2021"
"Coimbatore","G. Kuppusamy Naidu Hospital","8220037466","108","0","0","0","2021-05-12 16:05:10","GKNM Cbe 12.05.2021"
"Coimbatore","Hindusthan Hospital, Udaiyampalayam","9361694437","15","0","0","0","2021-05-12 09:57:16",""
"Coimbatore","Karpagam Faculty Medical College And Hospital","9566760490","325","40","10","10","2021-08-10 09:01:15","0 occupied"
"Coimbatore","KG Hospital","4222212121","0","0","0","0","2021-05-12 10:27:23",""
"Coimbatore","Kongunad Hospital","7094316000","216","106","15","10","2021-07-07 10:33:22",""
"Coimbatore","Kovai Medical College Hospital","9600400451","0","0","0","0","2021-05-20 17:44:34",""
"Coimbatore","One Care Medical Centre","9894955990","0","0","0","0","2021-05-15 08:28:40","15-3-21 Every 24 hours we need 1 KL liquid gas requirement, TODAY STOCK WILL. NEED FILLING BY 7.00 PM"
"Coimbatore","PSG Institute Of Medical Sciences and Research, Coimbatore","9894798896","0","0","0","0","2021-06-05 11:03:24","5th JUNE"
"Coimbatore","Royal Care Super Speciality Hospital","7397769343","0","0","0","0","2021-05-13 07:17:35","Neelambur unit 13.05.2021"
"Coimbatore","Royal Care Super Speciality Hospital Gandhipuram","7397769343","0","0","0","0","2021-05-13 07:18:28","Gandhipuram unit - 13.05.2021"
"Coimbatore","Sri Ramakrishna Hospital","9384084606","4","0","0","0","2021-08-21 16:48:51","21.08.21"
"Coimbatore","KMCH Kovilampalayam Hospital, Sathy Road","8754187551","0","0","0","0","2021-05-12 10:03:14",""
"Cuddalore","NLCIL Hospital,Neyveli","9486456293","15","0","0","0","2021-05-14 09:09:25","1.Ventilator beds are in ICU for Emergency sick patients 2.In ICU WE HAVE Non-invasive ventilation & NRM Ventilation only"
"Dindigul","Christian Fellow Community Centre","7598001644","50","0","0","0","2021-05-22 16:00:43",""
"Dindigul","Christian Fellowship Hospital","8903002554","0","0","0","0","2021-05-27 08:26:42","20.05.21"
"Dindigul","Leonard Hospital","8754680378","83","3","0","0","2021-06-19 12:54:45","19.06.2021"
"Dindigul","St.Joseph Hospital","9842044447","40","0","0","1","2021-05-13 17:06:10","12.05.2021"
"Dindigul","Vel Multispeciality Hospital","9942466002","45","20","9","4","2021-08-06 12:32:17",""
"Erode","Erode Medical Centre","7373097188","0","0","0","2","2021-05-12 17:09:21",""
"Erode","Maaruthi Medical Centre And Hospital","8525861540","10","4","3","1","2021-05-12 18:06:59","nilL"
"Erode","Sudha Hospital","9095662211","0","0","0","0","2021-05-12 16:47:05","nil"
"Kallakurichi","Annai Medical Centre","6385867899","0","0","0","4","2021-05-12 08:37:04","25"
"Kallakurichi","E.S. Hospital","9443147949","0","0","0","0","2021-05-12 09:49:00","UPDATED 12.05.2021"
"Kallakurichi","I Med Super Speciality Hospital","9751344576","0","0","0","0","2021-05-20 15:10:05","18"
"Kallakurichi","Lotus Paediatric Emergency Centre","9677605096","11","0","0","0","2021-05-12 09:34:42","Lotus hospital. 04.05.2021..."
"Kallakurichi","Maragadam Hospital","9443234056","0","0","0","0","2021-05-12 09:49:42","12.5.21"
"Kallakurichi","S A Hospital","9600523290","0","0","0","0","2021-05-12 08:32:42","given non-willing to admit covid patient under circumstances."
"Kallakurichi","Sri Sanjeevi Hospital","9750999352","0","0","0","0","2021-05-12 09:00:21","Updated..09.05.2021"
"Kancheepuram","Bon Secuors Hospital","9943271810","15","0","0","0","2021-05-12 08:57:17","Updated 11-05-2021"
"Kancheepuram","Chennai Urology & Robotics Institute Hospital Thoraippakkam","9894791989","10","8","2","0","2021-06-23 11:29:30","23.06.2021"
"Kancheepuram","Madha Medical College&Research Institute","8870209559","198","30","19","2","2021-08-04 10:22:43",""
"Kancheepuram","Sri Muthukumaran Medical College","9600002646","308","0","0","6","2021-05-20 08:57:44","DUE TO LEAKAGE OF CENTRAL OXYGEN LINE OUR HOSPITAL STOPPED ADMITTING PATIENT WITH O2 SATURATION BELOW 95%"
"Kancheepuram","Apollo Medical Centre Karapakkam","9551288366","0","0","0","0","2021-06-13 12:11:57","Updated 13.06.2021"
"Kanyakumari","Bensam Hospital","9994224606","0","0","0","1","2021-05-12 15:04:44","."
"Kanyakumari","C.S.I.MISSION HOSPITAL","8903103400","76","40","2","0","2021-05-12 15:06:32",""
"Kanyakumari","Dr. Jayasekaran Medical Trust Hospital","9443992484","0","0","0","0","2021-05-12 15:12:13","UPDATED ON 12.05.2021"
"Kanyakumari","Sree Mookambika Institute of Medical Sciences","8281182955","131","75","10","10","2021-05-12 16:28:00",""
"Kanyakumari","Vasantham Health Centre","9003200684","46","33","10","4","2021-08-08 13:22:16",""
"Karur","Amaravathi Hospital","9585111073","0","0","0","0","2021-05-12 15:01:04","12.05.2021 4.00 pm"
"Karur","Apollo Logo Hospital,Karur","9965579211","0","0","0","0","2021-05-26 10:21:44","12.05.2021 (4:00 PM)"
"Krishnagiri","Chandrasekara Hospital","9655206585","42","38","3","0","2021-07-19 10:51:44","50"
"Krishnagiri","Kauvery Hospital, Hosur","7402733320","0","0","0","0","2021-06-19 09:57:26","Nill"
"Madurai","Apollo Hospital","4524341187","0","0","0","0","2021-05-12 16:36:01","updated..."
"Madurai","Bharathi Hospital","8015638874","0","0","0","0","2021-05-12 06:39:18","12.05.2021 Updated.... 05:00 PM"
"Madurai","Devadoss Multispeciality Hospital","8072738401","33","30","3","3","2021-08-10 17:11:44","Updated"
"Madurai","Guru Multispeciality Hospital","9944485353","11","0","0","0","2021-05-12 16:32:26","Update.."
"Madurai","Harshini Hospital,Sathamangalam","9677736322","0","0","0","0","2021-05-13 06:42:00","Updated 13.05.2021"
"Madurai","Harshitha Hospital, Avaniyapuram","9865015729","5","0","0","0","2021-05-12 16:25:58","UPDATED 12.05.2021.."
"Madurai","Lakshmana Multispeciality Hospital","7373072104","4","0","0","0","2021-05-12 08:07:12","Updated 12.05.2021 9AM STATUS"
"Madurai","Meenakshi Mission Hospital and Research Centre","9524128222","21","0","0","0","2021-05-12 16:26:47","nil... nil......."
"Madurai","Rahavendhar Hospital","8220044611","0","0","0","0","2021-05-12 07:24:02","12.05.2021"
"Madurai","Saravana Hospital","9894196876","0","0","0","0","2021-05-12 16:17:51","BEDS updated"
"Madurai","Shenbagam Hospitals Pvt Ltd.","9750951115","7","6","1","3","2021-05-12 08:37:48","UPDATE ON 12.05.2021...."
"Madurai","Sumathi Hospital & Fertility Center,Anna Nagar","7358800889","0","0","0","1","2021-05-12 08:22:56","updated on 12/5/2021"
"Madurai","Thembavani Hospital,Gnanaolipuram","9047116145","0","0","0","0","2021-05-12 12:52:34","12.05.2021......."
"Madurai","Vadamalayan Hospital","4522545400","88","81","0","0","2021-06-25 11:11:51","Updated 25-06-2021."
"Madurai","Velammal Medical College Hospital and Research Institute","8489900800","52","12","0","14","2021-05-12 09:56:01","Updated....."
"Mayiladuthurai","Cahoj Hospital","9488755241","20","10","0","0","2021-07-04 10:10:14","nil"
"Mayiladuthurai","Ram Bone And Joint Hospial","NULL","0","0","0","0","2021-04-21 08:42:15","Nil"
"Mayiladuthurai","Shanthi Nursing Home","NULL","0","0","0","0","2021-04-21 08:35:16","Nil"
"Namakkal","Aravinth Hospital","9443221491","5","0","0","0","2021-05-18 10:36:55","Reports submitted for 13.05.2021 time 07.00 am"
"Namakkal","M.M.Hospital","9585554551","0","0","0","0","2021-05-14 07:16:46","M M HOSPITAL REPORT UPDATE FOR 14.05.2021"
"Namakkal","Maharaja Speciality Hospital","8778642130","0","0","0","0","2021-05-18 07:01:11","Report submitted on : 18.05.2021 7.00 AM"
"Namakkal","Thangam Hospital","9843230685","0","0","0","0","2021-05-12 17:29:59","Submitted on 12.05.2021 at 05.30PM"
"Namakkal","Vivekanandha Medical Care Hospital","9489059104","5","0","0","0","2021-05-13 07:26:50","7.25am"
"TheNilgiris","Ashwini Gudalur Tribal Hospital","9487257321","4","4","0","0","2021-05-12 15:39:11","12/05/21"
"TheNilgiris","Nankam Hospital","9488834087","9","0","0","1","2021-06-13 09:21:39","13/6/2021"
"TheNilgiris","Sagayamatha Hospital","9447276304","10","2","0","0","2021-07-21 14:34:55","21/7/21"
"Perambalur","Amma Hospital Thuraimangalam","7708504141","5","0","0","0","2021-05-12 08:42:31","12.05.2021"
"Perambalur","Aruptha Multispeciality Hospital","9840694249","7","0","0","0","2021-05-12 12:48:02","12.05.2021"
"Perambalur","Devi Hospital Elambalur","9025336754","8","0","0","0","2021-05-12 12:46:55","12.05.21"
"Perambalur","Dhanalakshmisrinivasan Medical College And Hospital","8489923803","174","0","0","0","2021-05-17 10:02:28","Nil."
"Perambalur","Dr. Venkatesan Hospital","8903424627","0","0","0","0","2021-05-11 10:08:22","11.05.21"
"Perambalur","Lakshmi Nursing Home","7402191296","10","0","0","0","2021-05-12 08:25:13","12. 05.2021"
"Perambalur","Madhu Hospital","9994606103","1","1","0","0","2021-05-12 10:03:49","12.05.21"
"Perambalur","Niranjan Nursing Home","9082485702","0","0","0","0","2021-05-11 10:09:35","11.05.2021"
"Perambalur","Pedro Nursing Home","7339204920","0","0","0","0","2021-05-11 10:08:02","11.05.21"
"Perambalur","Ramasamy Hospital","9597829922","0","0","0","0","2021-05-12 10:04:32","12.05.21"
"Perambalur","Siva Hospital","9952689388","0","0","0","0","2021-05-12 12:45:37","12.05.21"
"Perambalur","SPT Hospital","9566858686","0","0","0","0","2021-05-12 12:46:30","12.05.21"
"Pudukkottai","Muthu Meenakshi Hospitals","7094446315","33","7","15","3","2021-05-12 15:58:35","NIL"
"Ramanathapuram","Aasi Multi Speciality Hospital","7708287735","27","20","7","1","2021-05-13 08:25:57",""
"Ramanathapuram","Kanagamani Hospital","9965281061","0","0","0","0","2021-04-26 09:09:55","No Change"
"Ramanathapuram","Vel Hospital Ramanathapuram","9487804442","0","0","0","2","2021-05-13 08:15:50",""
"Salem","Annapoorna Medical College and Hospital","8072437396","13","0","0","0","2021-05-20 09:30:30","B"
"Salem","Dharan Hospital","9047079990","0","0","0","0","2021-05-12 10:42:48","NIL"
"Salem","Kauvery Hospital, Salem","7397789300","118","39","5","4","2021-07-06 08:01:16","Nil"
"Salem","Kurinji Hospital","7867044355","0","0","0","0","2021-05-16 08:47:36","We have stopped Admissions for O2 abeds due to shortage of Oxygen supply."
"Salem","Manipal Hospital","4272346600","0","0","0","2","2021-05-14 10:34:37","Updated"
"Salem","Priyam Speciality Hospitals","7010708284","0","0","0","3","2021-05-13 10:29:47","Nil"
"Salem","Shanmuga Hospital Cancer Institute","8754033833","0","0","0","0","2021-05-12 18:52:33","update by 12/05/2021 @ 06:45 PM"
"Salem","SKS Hospital","4274033333","0","0","0","0","2021-05-12 18:53:55","Nil"
"Salem","Sri Gokulam Hospital","4272338800","0","0","0","0","2021-05-12 11:52:34","12-05-21"
"Salem","Vinayaka Mission Super Specialty Hospitals Pvt Ltd","9500182225","15","2","8","2","2021-05-12 09:54:19","Today Report"
"Salem","Vinyaga Mission Kirubanandha Variyar Medical College Hospital","9751380971","0","0","0","0","2021-05-12 09:57:21","12.05.2021"
"Sivagangai","Kauvery Hospital Karaikudi","6381456995","0","0","0","4","2021-05-30 11:36:51","29/05/2021 at 09:00AM .Positive - 18 Suspected-47 Total=65"
"Thanjavur","KG Multi Speciality Hospital","9842349875","83","35","33","0","2021-08-21 18:23:26","83 VACANT"
"Thanjavur","Meenakshi Multispeciality Hospital","7402605570","0","0","0","0","2021-05-27 13:59:41",""
"Tiruvallur","Aakash Hospital","9087182644","0","0","0","0","2021-05-12 09:08:14","12-05-2021"
"Tiruvallur","ACS Medical College And Hospital","9003060052","34","0","0","0","2021-05-12 18:18:49","CT positive -8 cases"
"Tiruvallur","Peacock Hospitals Private Limited","9445391053","1","0","1","0","2021-05-18 08:28:32","update 18/05/2021"
"Tiruvallur","Raj Nursing Home Mogappair East","8921334594","0","0","0","0","2021-05-12 10:56:23","12/05/2021"
"Tiruvallur","Ravina Health Care Pvt Ltd","9840036349","54","30","8","1","2021-08-10 12:50:19","Updated 10/08/2021"
"Tiruvallur","Sri Ivan Stedeford Hospital","9489136071","0","0","0","0","2021-05-12 15:24:56","Report - 04.00 p.m."
"Tiruvallur","Sugam Hospital","9551979777","0","0","0","0","2021-05-17 02:06:11","17.05.2021 @ 2am"
"Tiruvannamalai","Ramana Maharishi Hospital","9486047737","0","0","0","2","2021-05-14 08:46:22","All covid positive patients 100 admitted in non oxygen supported patients."
"Thoothukudi","Sacred Heart Hospital","9443260714","4","0","0","1","2021-05-25 08:29:45","25.05.2021 9.00am"
"Thoothukudi","Sri Hospital","9442667069","4","0","4","1","2022-03-07 07:59:28","07.03.22"
"Tirunelveli","Annai Velankanni Multi Speciality Hospital, Palayamkottai","7540094100","0","0","0","0","2021-05-15 08:11:47","Positive - 37. Suspected - 5 15-5-2021 8.00am"
"Tirunelveli","Ponra Multispeciality Hospital","8300508737","15","5","0","0","2021-09-27 07:57:39",".."
"Tirunelveli","Rosemary mission hospital and research centre","7598264064","0","0","0","0","2021-05-15 08:12:53","Updated..."
"Dindigul","Shifa Hospital","9952495710","0","0","0","0","2021-05-25 08:28:40","25/05/2021"
"Tiruppur","Revathi Medical Centre","8072570015","0","0","0","0","2021-05-12 15:52:54","NIL"
"Thiruvarur","Navajeevan Hospital","7339603757","10","0","0","0","2021-08-05 11:15:56","Updated on 05.08.2021"
"Thiruvarur","Thiruvarur Medical Centre","9788188177","30","30","0","1","2021-08-21 08:35:29","Update 21.08.2021"
"Thiruchirappalli","Neuro One Hospital, Karur Bye Pass Road","7397771405","0","0","0","4","2021-05-19 16:52:42","20 NON OXYGEN PATIENTS14 XYGEN PATIENTS , VENTILATER 1, NON O2PATIENTS OCCUPIED IN O2 BED& ICU BED."
"Thiruchirappalli","Apollo Speciality Hospital","9842164211","0","0","0","0","2021-05-13 08:37:42","Updated done."
"Thiruchirappalli","G V N Hospital Pvt Ltd","9095505550","20","14","0","0","2022-04-25 09:18:41","NIL"
"Thiruchirappalli","Kavery Medical Centre And Hospital, Trichy","8870515222","13","3","0","0","2021-05-18 21:20:15","Nil."
"Thiruchirappalli","Maruti Hospital","9944920163","80","50","8","1","2021-07-27 09:50:39","Update done"
"Thiruchirappalli","Sinduja Hospital","9442009956","0","0","0","1","2021-05-19 16:06:11","Nil"
"Thiruchirappalli","SRM Medical College Hospital And Research Centre, Trichy","8939999269","36","2","3","0","2021-05-12 15:23:41","Closing LMO = 0.900 KL 100 beds allotted to Government (Non O2 -78 and O2-22)"
"Thiruchirappalli","Dr.G.Viswanathan Hospital Mambalasalai","9840404586","34","22","5","4","2021-07-30 09:26:14","NIL."
"Thiruchirappalli","Pankajam Sitaram Nursing Home (A Unit Of GVN Hospital)","9095505550","33","29","4","2","2022-04-22 09:08:20","NIL"
"Thiruchirappalli","Sundaram Hospital, Pudhur","7397789749","1","0","0","0","2021-05-13 09:23:51",".."
"Thoothukudi","Kamala Speciality Hospitals Pvt Ltd, Kovilpatti","9487576077","4","0","2","1","2021-05-23 07:01:28",""
"Vellore","Apollo KH Hospital Ranipet","9500458786","2","0","0","0","2021-05-12 15:45:21",""
"Vellore","Christian Medical College","9385285970","11","3","8","8","2022-04-25 09:03:27",""
"Vellore","Christian Medical College Kannigipuram campus","NULL","51","51","0","0","2020-11-03 07:34:58",""
"Vellore","Sri Narayani Hospital and Research Centre","7358387146","0","0","0","5","2021-05-12 09:12:09","Nil 12.05.2021."
"Virudhunagar","Meenakshi Memorial Hospital","9025461813","1","0","0","0","2021-05-13 07:40:49","Nil"
"Virudhunagar","Sri Krishna Hospital","9159098003","29","24","5","2","2021-07-01 16:40:11","No Comments"
"Chengalpattu","Sai Fertility Centre & Hospital, Vedhachalam Nagar","9100096000","0","0","0","0","2021-05-16 09:46:13","16.05.2021"
"Dindigul","City Hospital Gandhi Nagar","9150127822","0","0","0","1","2021-06-01 10:26:10","01.06.2021"
"Dindigul","Raja Rajeswari Hospital, Spence Nagar","8870504662","9","6","3","1","2021-05-15 06:30:22","15/05/2021"
"Madurai","Santhya Speciality Hospital, Arappalaiyam Main Road","6381589553","12","3","4","2","2021-05-24 06:39:28",""
"Ramanathapuram","Arogya Hospital, Kenikarai","7810084283","30","20","10","1","2021-05-13 08:17:32",""
"Salem","Saravana Hospital Ponnamapet","9787116116","0","0","0","0","2021-05-12 09:20:45","12.05.2021"
"Thiruchirappalli","Sri Venkateswara Hospital T.V Koil","7604919191","4","4","0","0","2021-05-13 09:25:41","Nil"
"Madurai","Aristo Speciality Hospital Ponmeni","8940222211","0","0","0","0","2021-05-12 08:31:09","updated... 11.05.21......"
"Madurai","Asirvatham Speciality Hospital, Gandhi Nagar","9500440696","25","4","2","2","2021-05-12 08:21:52","12.05.2021"
"Madurai","Bala Hospital Usilampatti","9443548450","0","0","0","2","2021-05-12 07:36:50","No vacant"
"Madurai","KJS Speciality Hospital,K.Pudur","9629373744","10","0","0","0","2021-05-23 08:24:31","updated 22.05.2021.."
"Madurai","Nithilaa Nursing Home Palanganatham","9443744085","0","0","0","0","2021-05-12 06:26:27","Covid - 19 patients today updated 12.05.2021. Thanking You !"
"Madurai","NTC Hospitals Vaithiyanathapuram","9894208601","8","0","0","0","2021-05-28 08:43:47","28.05.2021"
"Madurai","Raks Hospital Anna Nagar","9003900364","0","0","0","5","2021-05-12 08:29:34","as on 12.05.2021"
"Chennai","Pon Malligai Hospital Adambakkam","9884850982","19","11","3","0","2021-06-17 15:20:05","Date 17/06/2021"
"Chennai","Iswarya Fertility Centre Kilpauk","8883350666","0","0","0","0","2021-05-12 10:09:19","12-05-2021"
"Chennai","Iswarya Fertility Centre Adyar","9842115123","10","3","2","1","2021-05-12 09:10:19","12/05/2021"
"Chennai","Iswarya Fertility Centre Ambattur","8883381666","5","2","1","2","2021-05-11 17:03:32","11/05/2021"
"Chengalpattu","Parvathy Hospital Chrompet,","7825830723","10","4","4","0","2021-09-27 09:45:28","27/09/2021"
"Chennai","Shaarave Multi Speciality Hospital, Sowcorpet","4443229641","0","0","0","0","2021-05-17 07:43:35","17.05.2021"
"Chennai","Shanmugam Multi Speciality Hospital Royapuram","7010229157","0","0","0","0","2021-06-01 12:03:17","01.06.2021"
"Coimbatore","Atlas Pain Care Sowripalayam","9865509999","9","0","0","0","2021-05-12 08:53:53","09.05.2020"
"Dindigul","JCB Hospitals Palani Road,","9150758413","47","45","2","3","2021-07-26 15:02:43","."
"Dindigul","Shree SathyaSubha Hospital, New Agaraharam","6381781885","3","0","3","3","2021-06-20 09:16:00","20/06/2021"
"Dindigul","Van Allen Hospital, Kodaikanal","6374042759","4","3","1","1","2021-05-12 15:49:11","12/05/2021"
"Kanyakumari","Swamiyarmadam Rathna Memorial Hospital","9750973290","0","0","0","0","2021-05-12 15:06:09","."
"Krishnagiri","Vijay Sai Health Care Pvt Ltd","9791938235","0","0","0","0","2021-05-12 09:04:39","."
"Madurai","Rio Hospital Vandiyur","7639845222","14","0","0","1","2021-05-12 10:43:09","updated 12/05/2021...."
"Salem","Universal Cancer Hospital, Kondalampatty","8608044773","55","30","5","0","2021-11-14 09:53:29","Nil patient."
"Sivagangai","Devaki Multi Speciality Hospital","7824950986","24","20","0","0","2021-09-24 09:18:24","24-09-2021"
"Sivagangai","Karthick Multi Speciality Hospital","8883894416","3","0","0","1","2021-06-09 09:06:59","RTPCR POSITIVE 11 ct positive 9 REPORT 09.00"
"Thiruchirappalli","Velan Speciality Hospital, Highways Colony","7339565444","0","0","0","1","2021-05-31 09:56:23","Nil."
"Thoothukudi","Public Welfare Hospital Kovilpatti","9385811752","15","3","1","1","2021-06-07 12:52:57","Nil.,"
"Chennai","Medway Women Centre, Kodambakkam","7299057830","0","0","0","0","2021-05-12 13:42:25","12-05-2021"
"Dindigul","K T Hospitals, Palani Bye pass Junction","9344222202","35","25","10","5","2021-05-12 17:02:06","12.05.2021 (05:00 PM)"
"Madurai","Raksha Hospital, Anna Nagar","9578782333","13","5","0","0","2021-05-28 12:07:53",""
"Madurai","Thirusenthilandavar Multispeciality Hospital","7708773633","20","2","2","0","2021-08-23 08:41:42","Updated on 23.08.2021 updated."
"Sivagangai","Madha Hospital, Manamadurai","7904443644","23","2","10","1","2021-05-14 15:31:31","Positive-8 Suspect-19 Total-27 Updated"
"Madurai","Ahana Hospital,11,Subramanian st,Annanagar,Madurai","9659462722","88","88","0","0","2021-07-10 07:27:12","Nil..."
"Chennai","Apollo Hospital, OMR, Perungudi","7299021425","0","0","0","0","2021-06-24 09:47:35","Updated 24/6/2020"
"Chennai","K.G.J Hospitals, Korattur","8695966995","18","18","0","0","2021-08-10 19:51:46","Updated 10.08.21 07.51 PM"
"Chennai","Padmapriya Hospital, Adyar","9444200270","5","3","0","0","2021-08-28 07:05:26","updated 27-08-2021"
"Chennai","Priya Nursing Home, Old Washermenpet","9094888340","0","0","0","0","2021-05-11 10:46:09","11/05/2021 9.00aM"
"Chennai","Saraswathy Multi Speciality Hospitals, Madipakkam","9790785916","1","0","0","0","2021-05-13 06:24:44",""
"Chennai","Suman Hospital, Thiruvotriyur","6369794092","0","0","0","0","2021-05-13 10:48:09","13-05-2021 10.46 am"
"Chennai","The Madras Medical Mission, Mogappair","9940593999","0","0","0","2","2021-05-12 08:04:15","12-05-2021"
"Coimbatore","Abinand  Hospital","8838689898","13","0","0","0","2021-05-12 08:52:46","As on 12.05.2021"
"Coimbatore","Sree Abirami Hospital, Coimbatore TN.","9952200057","0","0","0","0","2021-06-03 09:17:54","3/6"
"Erode","Kovai Medical Centre,Erode TN.","NULL","50","20","0","0","2021-03-15 13:39:08","."
"Kancheepuram","TCS, Sirucherry","8800000000","40","0","0","0","2022-02-20 09:23:43","UPDATED TILL 20/02/2022 9:00AM"
"Kanyakumari","Bethesda Hospital, Nagercoil","9566519491","0","0","0","0","2021-05-12 17:06:20","."
"Kanyakumari","Siva Hospital, Nagercoil","9443152469","0","0","0","3","2021-05-18 17:14:04","18.05.2021 EVENING"
"Karur","ABS Hospital, Thanthonimalai","8300393424","5","2","3","3","2021-05-12 13:27:15","12.05.2021.."
"Krishnagiri","Sri Chandrasekaran Hospital unit -2, Hosur","9655206592","87","68","18","2","2021-07-19 10:52:06","90 beds"
"Madurai","BGM Hospital, Iyer Bungalow","9047075271","2","0","0","1","2021-07-28 12:28:02","28.07.2021"
"Madurai","Dr.Chidambaram Memorial Hospital, Jai Hind puram","8122486160","0","0","0","0","2021-05-12 16:26:51","12.05.2021 at UPDATED..."
"Madurai","Gowri Nursing Home, Jeeva Nagar","9944458354","0","0","0","0","2021-05-12 16:26:21","Update 12.05.2021.."
"Madurai","Grace Kennett Foundation Hospital, Kennett Road","9943450401","15","10","5","2","2021-08-02 10:17:52","NO CHANGE"
"Madurai","Swarnakamalam (SKG) Multispeciality Hospital Pvt Ltd, Thirumanagalam","9003900349","38","9","24","8","2021-07-07 10:45:11","07-07-2021"
"Nagapattinam","Arun Priya Nursing Home, Nagapattinam TN.","9159999914","15","9","0","0","2021-05-14 13:18:54","Nil"
"Ramanathapuram","Meera Clinic","9443190986","0","0","0","2","2021-05-13 08:18:17",""
"Salem","Geeth Raghunath Hospital, Attur","9842750556","2","0","2","1","2021-05-16 17:16:52","Grand total - 33"
"Salem","Karthik Medical Centre, Idappadi","9600380076","35","22","2","0","2021-11-18 10:11:17",""
"Salem","Shivasurya Polyclinic, Salem","9443173270","0","0","0","0","2021-05-12 01:33:05","Nil"
"Salem","Sree Vasantham Hospital, Gugai","9894136398","0","0","0","3","2021-06-12 13:35:43","Update"
"Tenkasi","Meeran Hospital, Tenkasi","9600692323","10","10","0","1","2021-05-15 09:12:06","."
"Tenkasi","Santhi Hospital, Vaikkalpalam, Tenkasi","7305009427","7","2","5","1","2021-05-13 07:34:11",""
"Thanjavur","Our Lady Hospital","8489906295","26","0","0","2","2021-05-12 16:01:00","Total positive case - 35 Total sari case - 24"
"Thanjavur","Sri Naadi Hospital, Pattukottai","9942104455","0","0","0","0","2021-05-13 01:14:02","40 patients"
"Thanjavur","Vijay Poly Clinic, Kumbakonam","8870011952","0","0","0","0","2021-05-12 15:26:29","may 12"
"Theni","Arun Hospital","9443328375","23","10","3","0","2021-05-14 08:53:39","14.05.2021"
"Theni","Nalam Hospital, Allinagaram","8870007450","6","6","0","0","2021-07-31 14:24:19","31.07.2021 Morning report"
"Theni","Ramapadyan Hospital, A.Pudur Vilakku","9003398211","7","2","2","1","2021-05-25 14:34:57","Evening update theni"
"Theni","Theni Medical Centre, Nehruji Road","9361917118","0","0","0","0","2021-05-14 08:54:34","14.05.2021"
"Tirunelveli","Royal Hospital, NGO Colony","9487057857","5","0","0","0","2021-05-15 08:13:40","15.05.21 updated"
"Tirunelveli","Sudharson Platinum Hospitals, Vannarpettai","8946079430","19","18","1","3","2021-06-11 16:34:05","11 cases"
"Thiruchirappalli","Athma Hospitals, Thillai Nagar","9865779707","0","0","0","0","2021-05-13 10:28:19",""
"Thiruchirappalli","Kavi Hospital & Neuro Foundation","9843005288","30","24","2","2","2021-08-07 08:11:51","NIL."
"Thiruchirappalli","Mangalam Hospital","9092829992","0","0","0","0","2021-05-13 08:54:20","Nil."
"Thiruchirappalli","MMM Multi Speciality Hospital","9600340430","20","10","5","0","2021-05-13 09:26:28","Nil"
"Thiruchirappalli","Retna Global Hospital, Tennur","9245148941","1","1","0","0","2021-05-15 12:03:50","Update done.."
"Thiruchirappalli","Star KIMS Hospital, Thillai Nagar","9789488894","0","0","0","0","2021-05-13 09:28:35","Nil."
"Thiruchirappalli","Trichy Medical Centre and Hospital, Thillai Nagar","9842011199","0","0","0","0","2021-05-13 09:31:23",""
"Thoothukudi","Aarthi Hospital, Kovilpatti","9443141811","0","0","0","0","2021-05-20 12:14:21","RT-PCR positive Cases: 25 Suspected SARI Cases: 2"
"Thoothukudi","City Hospital, Tuticorin","9842911141","17","13","4","1","2021-06-11 09:13:15","11/6/21 8 am"
"Thoothukudi","K.M.T Hospital, Kayalpatnam","9489659868","6","1","5","1","2021-05-13 08:37:45","13.05.2021"
"Thoothukudi","Sree Chendur Multispeciality Hospital, Kovilpatti","9442130965","0","0","0","0","2021-05-15 15:45:01","."
"Thoothukudi","Suganthi Nursing Home (Unit of Sundaram Arulrhaj Hospitals)","8220705749","0","0","0","3","2021-05-14 13:04:34","1:00 PM"
"Virudhunagar","VVVNC, Chatrarediapatti","9940757475","0","0","0","0","2021-05-12 15:07:16",""
"Chennai","Dr. Mehtas Hospital","9840080449","0","0","0","0","2021-05-11 09:43:41","Updated on 11/05/2021"
"Tirunelveli","Shifa Hospital","9952795456","1","0","0","0","2021-05-15 08:16:09","Updated 15/05/2021"
"Chennai","Annai Multispeciality Hospital","7092820884","22","9","7","4","2022-01-18 10:53:50","18/01/2022 Covid care helpline - 8610080528/9894686088 ..."
"Thiruchirappalli","Royal Pearl Hospital","8300244928","3","3","0","2","2021-05-14 09:52:57","NILL"
"Mayiladuthurai","Vishnu hospital","9489858034","3","0","3","1","2021-05-14 13:21:27","Nil"
"Sivagangai","Apollo","7397591935","59","9","5","0","2021-11-17 08:29:19","17.11.2021@9AM"
"Sivagangai","Senthil hospital","8012519266","93","50","20","6","2022-04-25 08:11:16","Covid Positive : 0 Suspected: 0 Updated On: 25.04.2022"
"Chengalpet","KMS Health Centre","9791197514","0","0","0","0","2021-05-12 17:41:49","12 May21 05:41 PM"
"Salem","Kamala Hospital,Agraharam","9842719451","0","0","0","0","2021-05-16 20:56:00","updated.."
"Coimbatore","Coimbatore Diabetic Foundation,maruthamalai road","9362622723","21","8","0","0","2021-06-06 10:21:51","06/06/2021"
"Kanyakumari","Manuel Orthopedic Hospital, therekaalputhoor","9750883676","5","0","5","2","2021-05-12 15:14:28",""
"Kanyakumari","Joseph Sahayam Speciality Hospital, Nagerkoil","9566301338","44","30","6","4","2021-05-12 16:26:09",""
"Kanyakumari","Thasiah Medical centre, Marthandam","9952249470","28","13","10","2","2021-07-02 19:40:24","."
"Thanjavur","MVK Hospital, Thanjavur","9566201833","0","0","0","2","2021-05-12 14:53:42","patients all are stables"
"Thanjavur","Vinodhagan Memorial Hospital","4362234885","28","16","4","1","2021-06-16 08:11:45","Updated 16/06/2021"
"Coimbatore","Chennai Hospitals Pvt Ltd, Gandhipuram","NULL","37","37","7","0","2020-12-10 09:08:46","Report Submitted 10.12.2020"
"Coimbatore","CSR Nursing Home, Gandhipuram","8300128777","0","0","0","0","2021-05-12 10:06:01","12.05.2021"
"Coimbatore","Dr.Muthus Hospital, Saravanampatti","8012312000","11","0","0","0","2021-05-12 09:56:06",""
"Coimbatore","FIMS Hospital, Sundarapuram","9600240521","98","48","15","4","2021-08-10 18:44:35","10/08/2021"
"Coimbatore","K.Govindhasamy Memorial Annex Hospital, Saravanampatti","7094441551","0","0","0","0","2021-05-12 10:29:56",""
"Coimbatore","Kalpana Medical Centre Pvt Ltd, Kavundampalayam","8508655534","0","0","0","0","2021-05-12 09:51:25",""
"Coimbatore","Kumaran Medical Centre, Kurumbapalayam","9344022222","0","0","0","0","2021-05-12 10:00:55",""
"Coimbatore","NG Hospital Pvt Ltd & Research Centre, Singanallur","9942955568","136","73","27","2","2021-08-02 11:13:37","Ok"
"Coimbatore","Sathya Medical Centre and Hospital, Sivanandha Colony","9994499585","0","0","0","0","2021-05-12 09:18:08","12.05.2021"
"Salem","Aishwaryam Speciality Hospital","4272777555","0","0","0","2","2021-05-12 09:40:11","NIL"
"Salem","Deepam Speciality Hospital, Vazhapady","9787702400","15","0","0","0","2021-05-13 06:38:55","Nil"
"Salem","GL Hospital, Swarnapuri","9994050605","0","0","0","0","2021-05-17 12:57:40","nil"
"Salem","Mohanraj Children's Hospital","9566313409","70","20","0","0","2021-08-10 17:33:51","Till 5.30pm,10.08.2021"
"Salem","Nathan Super Speciaty Hosptial, Salem","9894276633","0","0","0","2","2021-05-30 10:27:29","Nil"
"Salem","Sri Shellapha Hospital, Salem","9894264333","10","0","0","0","2021-05-13 10:03:51","Sent on 13.05.2021 at 10.00Am"
"Salem","Thiru Neuro And MultiSpecility Salem ","4272555999","0","0","0","0","2021-05-31 08:17:25","Nil"
"Erode","Erode multispeciality Hospital, Erode","8248930767","0","0","0","0","2021-05-12 08:51:31","NILL"
"Madurai","Vetri Siddha Hospital, Thaniciyam (Siddha)","9500967789","60","4","0","0","2021-06-18 12:19:43","18.06.2021"
"Karur","Abishek Hospital, Karur Tn.","9790555151","2","0","0","0","2021-05-12 15:43:42","12.05.2021 nil"
"Namakkal","Shree Akhshaya Hospital Namakkal, TN.","9629492325","0","0","0","0","2021-05-13 07:29:33","Report submitted on 13.05.2021"
"Namakkal","Soorya Multispechiality Hospitals, Namakkal TN.","9942251163","0","0","0","1","2021-05-12 17:13:17","REPORT SUBMITTED ON 12.05.2021 at 05:13PM"
"Karur","GC Hospital, Karur Tn.","9659974311","3","2","0","1","2021-05-13 09:14:28","13.05.2021 -"
"Chennai","Vivekananda Hospital,mylapore","7200648296","40","40","0","2","2021-07-04 05:56:44","04-07-21"
"Chengalpattu","DAISY HOSPITAL,CHROMPET","9940632392","13","11","2","2","2022-01-13 10:27:43","13/01/2022"
"Chengalpattu","AAYUSHMAAN HOLISTIC HEALTH CENTRE","9962331777","0","0","0","0","2021-05-13 10:00:23","13-05-2021, no vacant bed\\\'s"
"Kanyakumari","Catherinebooth hospital,Nagercoil","9442282220","48","20","5","1","2021-06-28 08:50:13",""
"Tenkasi","Mathura Hospital, Surandai","9486285464","8","0","0","1","2021-05-13 07:33:17",""
"Chennai","K.M Speciality Hospital, K.K Nagar","9944903256","0","0","0","0","2021-06-02 13:46:05","(2/6/2021)"
"Tiruvallur","SKS HOSPITAL","9841091403","15","12","3","2","2021-09-16 13:34:20","16.09.2021"
"Thiruvarur","P.K.T Nursing Home, Thiruthuraipoondi","NULL","15","15","4","0","2021-04-26 18:12:05","updated 21.04.2021"
"Dindigul","Vadamalayan Hospital","8754044538","3","0","0","1","2021-05-12 15:28:11","updated 12.05.21 3.30pm"
"Chennai","MOHAN NURSING HOME, VILLIVAKKAM","9976819987","8","4","0","0","2021-05-13 14:14:34","13:05:2021"
"Chennai","Best Hospitals,Kodambakkam","9677050567","0","0","0","0","2021-05-16 11:33:56","16.05.2021"
"Thiruvarur","Raj Hospital, Mannargudi","9487701007","10","0","0","0","2021-08-03 09:51:49","Updated 03.08.2021"
"Chengalpattu","Kasthuri Hospital , Thambaram","7299009287","20","17","3","3","2021-07-05 10:32:25","05-07-2021, 09:00 AM"
"Chennai","Sri Singhvi Health Centre, Purasaivakkam","7871081082","20","15","0","0","2021-08-10 09:11:53","09.08.2021"
"Namakkal","Visaalam Hospital","9791779690","13","3","1","1","2021-05-12 18:08:27","Report Submitted 12.05.2021 6.00pm"
"Krishnagiri","Gunam super speciality hospital,Hosur","9566652143","0","0","0","0","2021-05-12 10:51:47","nill"
"Salem","Sree jeyam ortho & multispeciality Hospital","9597982434","0","0","0","0","2021-05-12 08:57:04","12/05/21"
"Krishnagiri","St.Louis Hospital","NULL","37","37","0","0","2020-12-07 08:53:49","Nil"
"Vellore","Naruvi Hospitals(A Unit of m/s.Sanco )","8754016970","0","0","0","12","2021-05-12 16:50:45","updated on 12/05/2021 at 04.50 PM"
"Krishnagiri","Nathan’s Speciality Hospital","8248586758","15","5","0","0","2021-06-22 18:37:40","NIL NIL"
"Chennai","Sudha Hospital, Royapuram","9444031230","0","0","0","0","2021-05-27 16:18:31","27/05/2021 at 4 PM"
"Tirunelveli","Peace Health Centre","8754950234","0","0","0","0","2021-05-15 08:15:32","Today 15.05.2021 8 am"
"Chennai","Jolen Hospital","7305855991","0","0","0","0","2021-05-20 11:02:35","20/05/2021"
"Chennai","Sen Hospital","9600899382","0","0","0","0","2021-05-12 17:15:22",""
"Chennai","st. Isabels hospital, Maylapore","9585965330","26","0","0","0","2021-05-12 16:05:07","Positive cases- 74"
"Chennai","Sri Balaji Hospital, guindy","8838811601","0","0","0","0","2021-05-05 11:13:03","Daily Data Base"
"Chennai","Radha Rajendran Hospital, Alandur","9952920853","0","0","0","0","2021-05-08 10:22:24","08-05-2021"
"Chennai","One health hospital, Vandalur","9445025558","0","0","0","0","2021-05-21 16:04:29",""
"Chennai","Srinivasa Hospital, Kodampakkam","9840102493","18","11","3","0","2021-05-27 21:11:24",""
"Kanyakumari","PPK hospital, Marthandam","9442521919","7","7","0","1","2021-05-12 15:16:51","."
"Salem","RK hospital","7373004777","5","2","2","0","2021-07-16 16:48:12","Here with Updating our Hospital bed details"
"Karur","Nachimuthu hospital","9566854364","0","0","0","1","2021-05-12 15:49:09","12.05.2021 nil"
"Virudhunagar","Amar hospital","8608638184","2","0","2","2","2021-05-12 15:14:38","12/05/2021 03.13 pm"
"Krishnagiri","Uma Kumar Hospital, Hosur","9443230269","0","0","0","0","2021-05-07 16:43:19","No oxygen supply"
"Tirunelveli","VJ Hospital","9843604611","24","9","5","0","2021-07-16 08:08:03","1 Active cases"
"Thiruchirappalli","Atlas Hospital","7092980125","0","0","0","0","2021-05-14 08:19:17",""
"Tiruppur","Velan Hospital","8248725224","0","0","0","0","2021-05-13 15:49:35","Nil"
"Dindigul","Sakthi Vinayagar Multispeciality Hospital, Guziliamparai","9965534490","0","0","0","2","2021-05-15 16:04:07","15.05.2021"
"Chennai","Be well hospital T.Nagar","7550203865","0","0","0","0","2021-05-07 08:46:56",""
"Chennai","Vijai's Nursing home","8822882285","0","0","0","0","2021-05-12 15:53:15","4PM"
"Chennai","Prime Indian Hospitals","9941011680","52","42","0","0","2021-06-29 12:30:11","29-06-2021"
"Thanjavur","Dravidian Hospital","7550372088","0","0","0","1","2021-05-12 15:24:33","Sari cases 28 Positive cases 12 UPDATED ON ..12.05.2021."
"Coimbatore","Gem Hospital and Research centre","9003932323","0","0","0","0","2021-05-28 09:05:11",""
"Coimbatore","N.M. Hospital, Annur","9944376111","0","0","0","0","2021-05-12 10:44:42","."
"Namakkal","Swamy Vivekanandha Medical College Hospital and Research Institute","9489059104","100","40","10","10","2021-05-14 07:44:20","7.43am"
"Tiruvallur","Be well , Ponamallee","7092937252","0","0","0","0","2021-05-12 16:17:55",""
"Thanjavur","National pharma","9524241241","43","0","0","0","2021-08-07 11:00:27","Positive cases- 2"
"Thiruchirappalli","Akshaya Hospital,Thottiyam","9566683380","24","9","4","1","2021-08-08 13:06:10",""
"Chennai","Amrit Medical Centre,Purasawakkam","8122119835","3","0","0","0","2021-05-12 16:00:59",""
"Salem","AP Medical Centre","9994930184","0","0","0","0","2021-05-13 11:47:36","Updated on 13.05.21"
"Chennai","Fortis healthcare – Vadapalani","9940141573","0","0","0","0","2021-05-12 16:14:03",""
"Chennai","City Tower Hospital,Anna Nagar","9790985752","0","0","0","0","2021-05-08 11:06:45",""
"Tiruppur","CNS Hospitals, Palangarai","9994655886","0","0","0","0","2021-05-12 19:24:11","nil"
"Chengalpattu","Das Nursing Home,Chengalpattu","7200084041","4","0","2","2","2021-08-04 08:06:15",""
"Kanyakumari","Dr. Kumaraswami Health Centre, Perumalpuram","7397617648","50","28","2","0","2022-02-12 13:45:30",""
"Chennai","Esha Hospital,Old Washermenpet","9962562594","2","0","0","0","2021-05-23 10:15:19",""
"Chennai","Faith Multispecialty Hospital","9500170383","0","0","0","0","2021-05-12 16:17:34",""
"Chennai","G.R Hospital,Adambakkam","7200309380","9","6","0","0","2021-05-28 10:53:54","28-5-2021"
"Madurai","Genezen Indus Hopsital,Madurai","8248875065","0","0","0","0","2021-05-16 13:03:28","NO BEDS AVAILABLE"
"Chennai","GeriCare, T Nagar","4440614061","0","0","0","0","2021-05-12 10:33:57",""
"Chennai","Hindu Mission Health Services,Nanganallur","8939673657","0","0","0","0","2021-05-11 16:13:19",""
"Chennai","Iyyappa Hospitals and Diabetes Research Centre Pvt Ltd,Perambur","NULL","0","0","0","0","2021-04-22 13:02:48",""
"Kancheepuram","Jaya Hospital,Sriperumbudhur","NULL","0","0","0","0","2021-04-22 13:03:34",""
"Thoothukudi","Jayashri Hospital,Tuticorin","9944393258","0","0","0","1","2021-05-26 17:29:30",""
"Sivagangai","Jedaiah Steve Hospital,Karaikudi","8054484748","0","0","0","0","2021-06-06 09:37:09","Suspect-36 Positive-2"
"Chennai","Jyoti Hospital,Old Washermenpet","8778393657","9","0","0","0","2021-05-10 11:28:19","10-05-2021"
"Thanjavur","Kanakesa Thevar Memorial Hospital,Thanjavur","9842741902","0","0","0","2","2021-05-12 19:03:03","RTPCR Positive. 13 cases SARI 17 Cases. Total 30 Cases"
"Chengalpattu","Kathir Memorial Hospital,Chengalpattu","9566572277","0","0","0","0","2021-05-12 17:16:08","12/05/2021 NO ICU BEDS"
"Salem","Kavin Hospital,Omalur","9944332762","0","0","0","1","2021-05-12 16:17:50",""
"Chennai","Kavitha Ortho and Multi Speciality Hospital,Chrompet","NULL","0","0","0","0","2021-04-22 13:11:06",""
"Tiruppur","Kongu Heart Center, Dharapuram","9629025780","0","0","0","0","2021-05-14 09:16:39","No"
"Chengalpattu","Lakshmi Nursing Home, Pallavaram","8939633433","2","2","0","1","2021-05-12 09:09:45","10-05-2021"
"Chennai","Leela Specialty Hospital,Tiruvottiyur","NULL","0","0","0","0","2021-04-22 13:13:20",""
"Kancheepuram","Mahalakshmi Multispecialty Hospital","8610485027","0","0","0","0","2021-05-12 08:59:21",""
"Chennai","Nagamani Hospital,Old Washermenpet","9884661464","0","0","0","0","2021-05-17 14:39:10",""
"Chennai","Nalam Hospital Pvt Ltd","NULL","0","0","0","0","2021-04-22 13:15:34",""
"Chennai","Oxymed Hospital,Nandanam","9840834352","0","0","0","0","2021-05-12 15:32:33","11.05.2021"
"Chennai","Pavithra Hospital Pvt Ltd,Teynampet","NULL","0","0","0","0","2021-04-22 13:17:03",""
"Thiruchirappalli","Prabhu Diabetes Specialty Centre,Trichy","9787955955","0","0","0","0","2021-05-13 09:20:13","Nil."
"Chennai","Prasanth Fertility Research Centre,Chetpet","NULL","0","0","0","0","2021-04-22 13:18:22",""
"Pudukkottai","Pudhugai Star Hospital,Pudukottai","7708219190","0","0","0","3","2021-05-12 16:40:53",""
"Chennai","Ramani Hospital,Ashok Nagar","9790801234","0","0","0","0","2021-05-17 23:40:27",""
"Chennai","Right Hospitals Pvt Ltd","9500037647","0","0","0","0","2021-05-12 16:56:34",""
"Chengalpattu","RKP Hospital,Nanmangalam","9384676004","19","15","4","0","2021-10-19 09:29:34","19/10/2021"
"Krishnagiri","S.B.S. Hospital, Hosur","9940250125","3","3","0","0","2021-05-12 11:04:38",""
"Namakkal","Sakthi Hospital,Namakkal","9715180099","0","0","0","1","2021-05-13 07:41:05","Report Submitted on 13.05.2021"
"Chennai","Senthil Priya Hospital, Kodungaiyur","9360555738","1","1","0","0","2021-05-12 23:17:16","Please Whatsapp Reports to - 8681027220"
"Chennai","Shens Hospital, Ashok Nagar","8072723627","0","0","0","0","2021-05-13 11:18:32","13.5.2021"
"Thiruchirappalli","Sri AuroMa Hospital,Trichy","9894226648","3","0","0","0","2021-05-18 07:57:26","Nil.."
"Chennai","Sri Chakra Multispecialty Hospital,Nanganallur","NULL","0","0","0","0","2021-04-22 13:32:44",""
"Chennai","Sri Hospital, Tondiarpet","NULL","0","0","0","0","2021-04-22 13:33:20",""
"Thanjavur","Sri Kumaran Gastro Private Ltd","9786006825","1","1","0","2","2021-05-15 20:32:09",""
"Chennai","Sri Ranga Hospital","9840472623","0","0","0","0","2021-05-12 13:06:48","12/05/2021"
"Chennai","Susi Hospital, Thiruvottiyur","8754811453","3","0","0","0","2021-05-12 10:48:43",""
"Madurai","Thavam Hospital, K.Pudhur","6381133137","15","6","3","0","2022-01-19 16:03:40",""
"Tiruppur","Vel Hospital, Dharapuram","8610931703","0","0","0","0","2021-05-12 15:57:09","Nil"
"Tiruppur","Vel Hospital,Udumalpet","9751766002","0","0","0","2","2021-05-12 15:42:19","nil"
"Madurai","Vijaya Hospital","9003401778","0","0","0","0","2021-05-12 08:37:06","12.05.2021"
"Madurai","Vikram Multispeciality hospital, Madurai","9150891207","0","0","0","2","2021-05-12 16:42:08","NIL"
"Chennai","Westminster HealthCare,Nungambakkam","7550045100","4","0","0","0","2021-05-12 17:13:20","Pt are doing good"
"Madurai","Ashwin Fed Specialty Hospital","8300254221","0","0","0","0","2021-05-12 16:05:55","12/05/2021 @ 04.05 PM"
"Tiruppur","Bala Ortho Hospital, Dharapuram","9843859353","0","0","0","3","2021-05-12 17:12:07","NILL"
"Madurai","Iswarya Fertility Services Pvt Ltd,Ellis Nagar","8883306695","6","2","3","0","2021-05-13 06:41:26","4 patients under admission"
"Chennai","Hindu Mission Hospital,Tambaram","9500065664","0","0","0","0","2021-05-12 17:09:35","May 12th bed status is nil as of 5pm"
"Salem","Deepam Hospital,Salem","6384003000","0","0","0","0","2021-05-12 16:55:37",""
"Tiruvallur","RIMS Hospital","6383183388","0","0","0","0","2021-05-12 09:53:06",""
"Thoothukudi","Arputham Hospital","7373762266","0","0","0","2","2021-05-18 12:35:13","1 :00 PM"
"Kanyakumari","Morris Mathiys hospital","9843461901","0","0","0","0","2021-05-29 08:38:18","."
"Kanyakumari","Holy Cross Hospital","9944844355","5","0","0","0","2021-06-09 16:17:56","."
"Theni","Krishnammal Memorial hospital.","9786629040","35","20","5","0","2021-06-25 14:57:46","Ok"
"Tiruppur","Sri Kumaran Hospital","9842399300","43","29","5","0","2021-06-30 09:15:24","nill"
"Theni","NRT hospital","9894447717","22","1","3","3","2021-05-28 15:07:50","Evening update"
"Coimbatore","Manu Hospital","9789324445","0","0","0","0","2021-05-14 09:46:26",""
"Chennai","Aditya Kamaraja Hospital Pvt Ltd,Virugambakkam","8015101809","1","0","0","0","2021-05-12 09:43:59",""
"Salem","Appu Venkatachalam Medical Research Centre (P) Ltd, Kattur","9894940904","2","0","2","0","2021-05-12 10:23:37","Nil"
"Thiruchirappalli","Assured Best Care Hospital(P) Ltd (ABC Hospital) Annamalai Nagar","9655240724","0","0","0","0","2021-05-13 08:38:09",".."
"Chengalpattu","Christudas Orthopaedic Speciality Hospital,East Tambaram","9840799398","0","0","0","0","2021-05-12 10:13:57",""
"Thiruchirappalli","City Medical Center, Thennur","9790420251","25","10","5","0","2021-06-25 10:06:43","alternate number : 7397271129"
"Coimbatore","Coimbatore Child Trust Hospital,Singanallur","7708682666","0","0","0","0","2021-05-12 09:54:22",""
"Cuddalore","Cuddalore Specialty Hospital,Manjakuppam","9543447359","0","0","0","2","2021-05-14 22:30:39","As on 14-05-2021 10:30pm all 25 beds occupied"
"Thiruchirappalli","Decca Hospital, Thillai Nagar","9842410780","2","0","0","2","2021-05-13 08:50:00","nil"
"Thanjavur","Dr.Vanchilingam Hospital Pvt Ltd,K.S Nagar","9626425681","2","0","0","0","2021-05-12 15:11:58","."
"Chennai","Ezhil Hospital, Tondiarpet","9444116336","3","0","0","0","2021-05-12 11:56:26","3 BEDS AVAILABLE 12-05-2021"
"Coimbatore","Fathima Hospital,Podanur","8098011072","15","5","0","0","2021-07-16 10:03:10","16/07/2021"
"Thiruchirappalli","Jagadha Hospital,Thillai Nagar","9488333620","4","0","0","0","2021-05-13 08:51:21","Nil.."
"Thiruchirappalli","Kanapathy Memorial Hospital, Musiri","9566813205","14","10","0","2","2021-05-13 09:10:35","Nil"
"TheNilgiris","Kotagiri Medical Fellowship Hospital,Kotagiri","9585259479","8","5","1","1","2021-05-11 09:23:35",""
"Ariyalur","KVS Hospital Pvt Ltd,Valaja Nagaram","9585288077","6","6","0","1","2021-05-12 16:31:46","Nil"
"Salem","Malar Hospital,Vazhapadi","8270562733","0","0","0","0","2021-05-15 11:12:06","NIL"
"Thiruchirappalli","Max Care Hospital, Annamalai Nagar","9600073580","18","8","2","1","2021-06-22 13:44:19","Nil."
"Chennai","Metro Male Clinic a unit of Gunasekaran Hospitals Pvt Ltd,Porur","8056912666","0","0","0","0","2021-05-12 09:31:58","12.05.2021 Morning report"
"Chennai","Mount Specialty Hospital Pvt Ltd,Adambakkam","NULL","0","0","0","0","2021-04-27 16:20:33",""
"Chennai","New Ruthran Hospital,Aynavaram","7305309829","0","0","0","0","2021-05-11 11:01:20","11-05-2021"
"Perambalur","Sanjjeev Hospital,Venkatesapuram","9600763858","10","0","0","0","2021-05-12 13:14:36","12.05.21"
"Thoothukudi","Sasi Hospital, Kovilpatti","6382253140","25","21","4","0","2021-08-11 10:55:02","10"
"Salem","Shri Hospitals, Shankar Nagar","9842769906","1","0","0","2","2021-05-12 10:20:57","Nil"
"Chengalpattu","Shri Isari Velan Mission Hospital","9342101571","10","0","1","1","2021-05-12 14:54:24","09/05/21"
"Thiruchirappalli","Silverline Speciality Hospital, Thillai Nagar","9384875957","25","12","3","3","2021-06-30 09:56:54",""
"Thiruchirappalli","SMS Hospital,Salai Road","9750958305","6","2","2","0","2021-05-13 08:34:34","Dr.N. Duraisamy MD.,DM., 9842465414 (Chairman)......"
"Ariyalur","SR Hospital,Ariyalur","9361362038","3","0","1","1","2021-05-12 10:07:02","Nil"
"Thiruchirappalli","Sri Kumaran Hospital Manapparai","9003772250","5","0","0","2","2021-05-13 12:44:33","Nil"
"Karur","Sri Rathina Hospital,Muthu Nagar","9047077345","0","0","0","0","2021-05-13 08:53:40","13.05.2021."
"Salem","Sundaram Multispecialty Hospital,Salem","8807661168","0","0","0","3","2021-05-12 17:38:31","Nil"
"Coimbatore","V.G Hospital,Thudiyalur","9894288514","0","0","0","0","2021-05-12 08:44:54","12.05.2021"
"TheNilgiris","Shiva Shakthi Hospital,Udagamandalam","9486253427","20","4","0","0","2022-01-24 15:28:57",""
"Chennai","Be Well Hospitals, Ambattur","8939967034","4","4","0","0","2021-06-02 11:07:47",""
"Virudhunagar","Chennai Hospital, Rajapalayam","9940038663","0","0","0","0","2021-05-12 15:09:14",""
"Virudhunagar","MSB Hospital","9842717831","4","1","1","1","2021-05-12 15:59:09",""
"Chennai","New Life Hospital,Rajakilpakkam","6385816255","1","1","0","2","2021-05-07 13:06:08",""
"Tiruppur","Sakthi Nursing Home,Tiruppur","9597413083","0","0","0","0","2021-05-12 15:56:21","Nil"
"Virudhunagar","Sri Ram Hospital - Sugasthala,Aruppukottai","9443961888","14","5","2","1","2021-05-14 08:21:08","NIL"
"Chennai","Kasthuri Hospital,West Tambaram","NULL","0","0","0","0","2021-04-30 16:21:06",""
"Tiruppur","OMS Hospital Tiruppur","8586894306","0","0","0","0","2021-05-12 09:25:37","Contact Dr.V.Aruljothi for admission"
"Tiruppur","Malarpriya Hospital","9626264800","3","1","0","1","2021-05-11 16:49:14","Nil."
"Erode","Veena hospital, nasiyanur","9952493428","0","0","0","2","2021-05-12 16:06:56","nil"
"Erode","Abirami Kidney Care Dr.Thangavelu Hospital, Brough Road","9500794485","0","0","0","0","2021-05-12 15:52:41","12.05.2021."
"Thiruchirappalli","Aiyshwariya Hospital, Woraiyur","9791498865","0","0","0","1","2021-05-21 10:13:31","."
"Chennai","Anand Hospital,Manali","9094006311","12","4","4","0","2021-06-09 12:39:01",""
"Chennai","Anbu Hospital, Velachery","9941356395","0","0","0","0","2021-05-12 09:47:59",""
"Chennai","ARK Hospital, Velachery","8056095393","2","1","0","0","2021-05-12 12:30:52",""
"Chennai","Arokya Hospital, West K.K Nagar","9791198781","0","0","0","0","2021-05-05 09:21:53",""
"Tiruvannamalai","Arunai Hospital,Thenmathur","NULL","0","0","0","0","2021-05-01 19:51:58",""
"Chennai","AVS Cardiac Centre,Triplicane","9965530302","2","0","0","0","2021-06-30 09:23:22","30.06.2021"
"Chennai","B.M Hospital,Nanganallur","NULL","0","0","0","0","2021-05-01 19:53:14",""
"Erode","Bewell Hospitals, Gandhiji Road","9445882236","0","0","0","1","2021-05-12 16:04:47","Nil"
"Erode","C.K.Hospital, Balasubbrayalu Street","9994500470","0","0","0","0","2021-05-12 16:03:35","Nil"
"Chennai","Care and Cure Speciality Hospital,Ayanavaram","NULL","0","0","0","0","2021-05-01 19:55:52",""
"Tiruvallur","Chennai Health Foundation, Ambatur","9094762761","2","0","0","0","2021-05-22 06:29:16","22/05/2021"
"Chennai","Chennai National Hospital,Ernavoor","9840874528","8","8","0","0","2021-05-12 07:36:15","12.05.2021"
"Erode","CSI Hospital, Brough Road","9095294663","10","5","0","0","2021-05-12 16:01:48","nil"
"Karur","Deepa Kannan Hospital, Muthu Nagar","9047785417","0","0","0","1","2021-05-19 08:39:41","19.05.2021 at 08.40am"
"Chennai","Dr.Shahs Clinic,T.Nagar","NULL","0","0","0","0","2021-05-01 20:05:47",""
"Chennai","DRJ Hospitals(P) Ltd,Kolathur","NULL","0","0","0","0","2021-05-01 20:07:27",""
"Erode","Erode Emergency Care Hospital, Veerappampalayam","9842730574","3","0","0","0","2021-05-12 15:48:15","nil"
"Chennai","Eswar Medical Foundation, Kolathur","9843182112","0","0","0","0","2021-05-12 17:00:13","12.05.2021 ., 5 PM"
"Tirunelveli","Gold Child & Chest Hospital,Vannarpettai","9488071754","10","10","0","0","2021-06-17 07:26:07","10 beds vacant 17.06.2021"
"Chennai","K.C.Hospital, Avadi","9940501315","0","0","0","0","2021-05-11 16:46:48","S.MURUGAN, MANAGER & HR, K.C.HOSPITAL, 9444482755, 9791053055."
"Salem","K.M Natraj's Nursing Home","9994660314","2","0","0","0","2021-05-12 09:38:36","NIL"
"Cuddalore","Kalyaan Speciality Hospital, Alpet","9025720095","1","0","0","0","2021-05-14 09:10:57","As on 14.05.2021"
"Erode","Kalyani Kidney Care Centre, Sampath Nagar Main Road","9585285053","23","0","0","2","2021-05-12 16:08:39","nil"
"Madurai","Karunai Multispecialty Hospital, B.B Kulam","7806883692","2","1","0","1","2021-05-12 08:28:08","12-05-2021 - Updated"
"Thiruchirappalli","Kathir Hospital, Woraiyur","9865355503","0","0","0","2","2021-05-13 09:11:52","Nil"
"Chennai","Khm Hospial, Anna Nagar","NULL","0","0","0","0","2021-05-01 20:15:47",""
"Kancheepuram","KPP Multispeciality Hospital, Sholinganallur","9342154699","4","1","0","0","2021-05-12 17:12:05","12/05/2021"
"Chennai","KVT Health Centre","8807555777","19","16","3","0","2021-06-19 11:20:35",""
"Krishnagiri","Lakshmi Hospital,Hosur","NULL","0","0","0","0","2021-05-01 20:18:19",""
"Chennai","M/s Dr.V.BalajiDr.V.Seshiah Diabetes care and R Institute","9962913444","0","0","0","0","2021-05-08 12:23:56","nil"
"Chennai","M/s K.M. Hospital, Vyarsarpadi","7604844496","16","13","3","0","2021-06-13 10:35:33",""
"Thanjavur","Medway Hospital, Kumbakonam","9790793659","5","0","1","2","2021-05-12 15:25:45","May 12"
"Tiruvallur","MMRV Hospital, Azhinjivakkam","9042610290","0","0","0","0","2021-05-12 08:26:27","12/05/2021"
"Chennai","MMRV Hospital, Mogappair West","NULL","0","0","0","0","2021-05-01 20:23:00",""
"Tirunelveli","Muthu Hospital, Kulavanigarpuram","9344096079","0","0","0","0","2021-05-15 08:12:21","Updated."
"Erode","Nandha Medical College and Hospital, Pitchandampalayam","7373712227","2","0","0","0","2021-05-12 15:50:40","Nil"
"Karur","Nathan Hospital, Anna Arch","8110981000","0","0","0","0","2021-05-12 16:29:36","12.05.2021 at 04.29pm"
"Chennai","NRG Speciality Hospitals, Ramapuram","NULL","0","0","0","0","2021-05-01 20:29:55",""
"Erode","Ortho Life Hospital, Anusha Hospital Complex","7402614057","0","0","0","3","2021-05-12 15:41:07","nil"
"Kancheepuram","PCMC Hospital, Pallavaram","NULL","0","0","0","0","2021-05-01 20:31:28",""
"Chennai","Pradeep Nursing Home, Puzuthivakkam","8939225252","0","0","0","0","2021-05-11 09:35:08",""
"Erode","Senthil Multi Speciality Hospital, Perundurai Road","9043165444","8","0","0","0","2021-05-12 15:56:11","nil"
"Chennai","SenthilPriya Hospital,Teynampet","NULL","0","0","0","0","2021-05-01 20:33:56",""
"Krishnagiri","Shree Arunachala Hospital,Krishnagiri","NULL","0","0","0","0","2021-05-01 20:34:37",""
"Chennai","Sri Pooja Maternity Clinic, Kodungaiyur","8778979336","1","0","0","0","2021-05-12 07:57:03",""
"Tiruvallur","Sri Sundharsanam Hospital, Avadi","8754265555","0","0","0","0","2021-05-13 09:30:07","No Vacant(13/05/2021)."
"Chennai","Srushti Hospital, Ramapuram","NULL","0","0","0","0","2021-05-01 20:37:43",""
"Krishnagiri","St.Peter’s Medical College Hospital & Research Institute, Hosur","NULL","0","0","0","0","2021-05-01 20:38:43",""
"Thiruchirappalli","Sugam Hospital, Manapparai","9965015543","0","0","0","1","2021-05-13 15:23:01","Last update on 13.05.2021 at 04.00pm."
"Chennai","Sugan Hospital, Neelangarai","8838925613","0","0","0","0","2021-05-13 07:05:48",""
"Krishnagiri","Surya Multispeciality Hospital, Hosur","NULL","0","0","0","0","2021-05-01 20:41:11",""
"Chennai","Swaram Medicare &Research Centre Pvt Ltd, Sholinganallur","9094567894","0","0","0","0","2021-05-09 15:06:08","Please call before coming. Admission only after examination and Availability of suitable beds."
"Chennai","Trustlife Medical Centre, Panaiyur","7200017173","4","0","0","0","2021-05-14 13:36:05","08.05.2021"
"Namakkal","Varun Hospital, Rasipuram","NULL","0","0","0","0","2021-05-01 20:43:42",""
"Chennai","Vasantha Hospital, Thiruvottiyur","9150009431","1","0","0","0","2021-05-10 14:56:32","10.05.2021"
"Kanyakumari","Vijayakumar Hospital,Swamiyarmadam","9442928648","0","0","0","3","2021-05-12 15:18:38","."
"Kanyakumari","William Hospital,Nagercoil","9597221977","10","8","2","1","2022-01-25 10:42:04","0"
"Chennai","Singhvi Health Center, Mint Street","9962618755","0","0","0","0","2021-05-14 15:27:57","14.05.2021"
"Madurai","Hannah Joseph Hospital Pvt Ltd, Chinthamani","9385353352","7","0","0","0","2021-05-13 16:37:06","Updated.."
"Chennai","M/s Apollo Hospitals, Tondiarpet","NULL","0","0","0","0","2021-05-03 14:05:27",""
"Chennai","Anjakha Hospital, Madipakkam","NULL","0","0","0","0","2021-05-03 14:08:45",""
