"Hospital Name","Hospital Number","Hospital address","O2units Available","ICU with ventilators","Last Updated"
" New Bhosari Hospital","Phone: 9822370098","Address: Gulve Vasahat, Bhosari, Pimpri-Chinchwad, Maharashtra 411026","72","0","Last updated about 2 months ago"
" PGI YCM Hospital - DCH","Phone: 7767006111","Address: YCM Hospital Rd, Sant Tukaram Nagar, Pimpri Colony, Pune,","58","0","Last updated about 2 months ago"
" D.Y. Patil Medical College & Hospital","Phone: 9168259193","Address: Sant Tukaram Nagar, Pimpri Colony, Pimpri-Chinchwad, Maharashtra 411018","382","60","Last updated about 2 months ago"
" Aditya Birla Memorial Hospital - DCH","Phone: 9881123008","Address: Dange Chwok road, Chinchwad","179","25","Last updated about 2 months ago"
" Aarya Hospital, Moshi","Phone: 9834974688","Address: In Front Of Kumar Princeville Society Moshi","5","0","Last updated about 2 months ago"
" Aditya Hospital, Pimple Gurav","Phone: 9075471913","Address: Suyog Colony, Pimple Gurav, Pimpri-Chinchwad, Maharashtra 411061","12","0","Last updated about 2 months ago"
" Aegis Multispeciality Hospital, Akurdi","Phone: 9175277825","Address: Khandoba Mal, Tapsvi Plaza Akurdi","4","1","Last updated about 2 months ago"
" Anand Multispeciality, Bhosari","Phone: 9011023332","Address: Opp. PMT Chowk Pune Nashik Road Bhosari pune 411039","20","1","Last updated about 2 months ago"
" Ankur Hospital, Thergaon","Phone: 8149733771","Address: 16 No Bus Stop, Police Line Corner, Thergoan, opposite to prem super market, Pune, Maharashtra 411033","15","0","Last updated about 2 months ago"
" Ayush Hospital, Neharunagar","Phone: 9922736052","Address: Harsh Viraj, Santoshi Mata Chowk, Nehru Nagar signal, Nehru Nagar Bhosari Rd, near H.A ground, Pimpri Colony, Pimpri-Chinchwad, Maharashtra 411018","9","4","Last updated about 2 months ago"
" Ayushri Hospital, Pimpri","Phone: 9923231681","Address: Tapovan Mandir Rd, Pimpri Gaon, Pimpri Colony, Pimpri-Chinchwad, Maharashtra 411017","10","2","Last updated about 2 months ago"
" Birasaheb Rupnar Memorial Hospital Bhosari","Phone: 9860799714","Address: S. No 3, Indrayani Nagar Bhosari","22","2","Last updated about 2 months ago"
" Chaudhari Hopsital, Chikhali","Phone: 8237770911","Address: Moshi - Alandi Rd, opp. Indian CNG petrol pump infront of madhubhan lodge, Jadhav Wadi, Chikhali, chikali, Maharashtra 412114","11","1","Last updated about 2 months ago"
" Chavan Hospital, Pimpri","Phone: 9552594775","Address: Chavan Hospital, Plot No. 54, Vastu Udyog, Pimpri Pune 18","8","1","Last updated about 2 months ago"
" Dhanvantari Hospital, Chikhali","Phone: 8485818004","Address: Main chauk, near Savta mali mandir, Jadhav Wadi, Chikhali, Pune, Maharashtra 412114","15","1","Last updated about 2 months ago"
" Dhanwantari MSH, Nigdi","Phone: 9595756763","Address: Sector No.25, Pradhikaran, Nigdi","19","4","Last updated about 2 months ago"
" Gaikwad Diabetes Centre","Phone: 9421806795","Address: Bhosari","0","2","Last updated about 2 months ago"
" Gangotri Hospital, Dighi","Phone: 9850612005","Address: Dighi","15","0","Last updated about 2 months ago"
" Global Multispeciality Hospital, Dighi","Phone: 7796696655","Address: Near Vitthal Mandir, Dighi","12","0","Last updated about 2 months ago"
" Helios Bharti Hospital, Kalewadi","Phone: 9075513707","Address: secand & third Floor Shama Arcade s.no.111,Hissa No.10A,cts no.7891 Rahatni Pune","2","0","Last updated about 2 months ago"
" Jaihind Hospital, Bhosari","Phone: 8788218882","Address: Bhosari","6","1","Last updated about 2 months ago"
" Life Care Hospital, Chikhali","Phone: 9503189884","Address: Chikhali Pune","18","0","Last updated about 2 months ago"
" Lunkad Hospital, Dapodi","Phone: 9922441225","Address: Mumbai Pune Highway, Near Honda Showroom Dapodi","4","0","Last updated about 2 months ago"
" Mankikar Hospital, Bhsoari","Phone: 2027120049","Address: Mankikar Hospital, D M Chamber, Pune Nashik Road, Bhosari, Pune - 411039, Near PNG, Above Rupee Bank","6","0","Last updated about 2 months ago"
" Moon MultispecialityÂHospital, Chikhali","Phone: 9561044751","Address: Chikhali Alandi Road Chikhali Pune 62","27","1","Last updated about 2 months ago"
" Nandedkar Multispeciality Hospital, Thergaon","Phone: 9960889451","Address: Near 16 No.BRT Bus stop, Thergaon, Pune -33","12","0","Last updated about 2 months ago"
" Niramay Hospital, Chinchwad","Phone: 27607777","Address: Niramay Hospital, Survey No. 4742 Behind Jai Hind Petrol pump Next, Chinchwad, Pimpri-Chinchwad, Maharashtra 411019","16","4","Last updated about 2 months ago"
" Nrusinnha Hospital, Dapodi","Phone: 8446668877","Address: Dapodi","5","1","Last updated about 2 months ago"
" Om Hospital, Hutatma Chowk, Bhosari","Phone: 8888825600","Address: Om Hospital ,Hutatam Chowk, Alandi Rd, Bhosari, Pune 411 039","18","4","Last updated about 2 months ago"
" Omkar MS Hospital, Bijlinagar","Phone: 9096089725","Address: Survey No 60/1/1a, Bijali Nagar Rd, Chinchwad, Pune - 411033, Nr New English School Bijali Nagar","5","4","Last updated about 2 months ago"
" Onkar Hospital, Pimple Gurav","Phone: 9119571968","Address: Onkar Hospital, Pimple Gurav","6","1","Last updated about 2 months ago"
" Orchid Hospital, Thergaon","Phone: 9096089725","Address: Sr.no.8, Ashoka Hsg.Co.society Near Varroc-Vengaskar Cricket Academy Stadium, Opp. Swiss Country Co-op Hsg Society, Kalewadi, Thergaon, Pimpri-Chinchwad, Maharashtra 411033","14","6","Last updated about 2 months ago"
" Oxycare Hospital, Walhekarwadi","Phone: 9284433625","Address: Walhekarwadi, Sector No. 32, Nigdi, Pimpri-Chinchwad, Maharashtra 411033","8","2","Last updated about 2 months ago"
" Oxycare Multispeciality Hospital Kalewadi","Phone: 8408000020","Address: 75/3/13 Ashwini Colony Kalewadi pUne","8","0","Last updated about 2 months ago"
" Padmaja Hospital, Chinchwad","Phone: 9145045045","Address: Sr. No. 8/2 Walhedajwadi Road, Chinchwade Nagar, Chinchwad, Pune 411 033","8","3","Last updated about 2 months ago"
" Phoenix Hospital, Thergaon","Phone: 9225526566","Address: Rhythum Society Kalewadiphata Pawarnagar Thergaon","51","2","Last updated about 2 months ago"
" Pritam Hospital, Bhosari","Phone: 9766588135","Address: Nashik - Pune Hwy, APTE Colony, Bhosari, Pimpri-Chinchwad, Maharashtra 411039","15","0","Last updated about 2 months ago"
" Pulse MS Hospital, Tathawade","Phone: 8805991414","Address: s.no.66/1,Lande Building,Tathawade, Chowk,Pune 33","14","2","Last updated about 2 months ago"
" Pune International Burns & Cosmetic Center, Bhosari","Phone: 9822094249","Address: Pune International Burns & Cosmetic Center, 'Shivganga' Chandani Chowk, Pune Nashik Road, Bhosari, Pune-","7","0","Last updated about 2 months ago"
" Rainbow Hospital, Kalewadi","Phone: 9511223623","Address: Below Vaijnath Bank, Tapkir Chowk, Kalewadi, Pune 17","15","0","Last updated about 2 months ago"
" Rainbow Multispeciality Hosp, Krushna Nagar, Chinchwad","Phone: 9545438058","Address: Plot no 6, Secor no 20, Om Sai Market Krushna Nagar Akurdi 19","4","1","Last updated about 2 months ago"
" Ruby Ailcare Services Pvt. Ltd","Phone: 9130813823","Address: 1st floor, 150 No. YCMH , Sant tukaram Nagar, Pimpri Pune- 411018","0","9","Last updated about 2 months ago"
" Sai Speciality Hospital, Chikhali","Phone: 9226093506","Address: Sane chowk,Chikali Road , Morewasti, krushnanagar/ Koyananagar, Pimpri-Chinchwad, Chikhli road, Akurdi, Pune, Maharashtra 411019","15","4","Last updated about 2 months ago"
" Sanjeevani Hospital, Chikhali","Phone: 8149091707","Address: Plot no 168 Sc. 19 Pradhikaran, sane Chowk","10","0","Last updated about 2 months ago"
" Sevadharam Hospital, Moshi","Phone: 9822022868","Address: LLp Plot No 1, sector-9, sant nagar, spine road, PCNTDA, Moshi, Pune 412105","26","0","Last updated about 2 months ago"
" Shende Hospital, Pimple Saudagar","Phone: 9822246881","Address: Plot No, 613 B, Kashinath Kadam Rd, Sindhu Nagar, Sector 25, Pradhikaran, Nigdi, Pimpri-Chinchwad, Maharashtra 411044","8","1","Last updated about 2 months ago"
" Shree Anand Memorial Hospital, Thegaon","Phone: 9309125521","Address: Dange Chowk Road, Vandev Nagar, opposite Royal Court, Thergaon, Pimpri-Chinchwad, Maharashtra 411033","50","0","Last updated about 2 months ago"
" Shree Krupa Multispeciality Hospital, Kalewadi","Phone: 9860492631","Address: Vijay Nagar Kalewadi 17","5","0","Last updated about 2 months ago"
" Shri Nageshwar Surgical and General Hospital, Moshi","Phone: 9172242754","Address: Shri Nageshwar surgical and General Hospital, Moshi Chikhali","12","0","Last updated about 2 months ago"
" Shri Sai Seva Hospital, Sant Tuakram Nagar","Phone: 9561363382","Address: Shri Sai Seva Hospital, Om Sai Park Sant Tukaram Nagar, Bhosari","6","0","Last updated about 2 months ago"
" Shri Samarth MS Hospital, Pimple Gurav","Phone: 9960783902","Address: Opp Neeluphule Natyaguh, Near Katepuram Chowk, Pimple Gurav","8","1","Last updated about 2 months ago"
" Siddhi Hospital Dighi","Phone: 7722030304","Address: Gavali Corner Near Siddheshwar Highschool, Dighi","17","0","Last updated about 2 months ago"
" Snehbandh Multispeciality Hospital","Phone:","Address:","13","1","Last updated about 2 months ago"
" Sonali Memorial Hospital,Dange Chouk","Phone: 7020500448","Address: Near, Dange Chowk Rd, near dhaije school, Gujar Nagar, Jai Hind nagar, Thergaon, Pune, Maharashtra 411033","25","2","Last updated about 2 months ago"
" Spandan Hopsital, Thergaon","Phone: 8850121797","Address: Sr no 19-3 plot no A-1 Bhoir Plaza, Dange Chowk Rd, Pune, Maharashtra 411033","22","2","Last updated about 2 months ago"
" Star Hospital, Akurdi","Phone: 9822122888","Address: Yash Towers, Akurdi Hospital Shop No.1, oppo bank of Maharashtra, Old Mumbai - Pune Hwy, Akurdi Gaothan, Vivek Nagar, Akurdi, Pune, Maharashtra 411035","31","13","Last updated about 2 months ago"
" Star Speciality Hospital. Moshi","Phone: 7020260819","Address: Star Hospital, borhadewasti Moshi, Pune","4","0","Last updated about 2 months ago"
" Sterling Multispeciality Hospital, Akurdi","Phone: 9850933512","Address: Near, Sector 27, Sant Dyaneshwar Chowk, Pradhikaran, Nigdi, Pimpri-Chinchwad, Maharashtra 411044","30","11","Last updated about 2 months ago"
" Sunil Wankhede Multispeciality Hospital","Phone: 9112210227","Address: Vikas Naggar Kiwale, Dehuroad Pune 412101","3","1","Last updated about 2 months ago"
" Surya Hospital, Krishna Nagar","Phone: 9922926844","Address: Om sai market, B wing, sec.No.20 Krishna nagar Chikhli Road Chinchwad Pune 19","10","2","Last updated about 2 months ago"
" Tambekar Hospital, Chikhali","Phone: 7709123192","Address: Pooja Mangal Karyalay, Sonawane Wasti Road, Chikhali","8","2","Last updated about 2 months ago"
" Triveni Hospital, Walhekarwadi","Phone: 9921880101","Address: Aga Coloney Near Aher Garden Walhekarwadi Chinchwad Pune 33","10","1","Last updated about 2 months ago"
" Unity Hospital, Dudulgaon","Phone: 8668872330","Address: oshi Alandi Road , Yogeshwar heights , dudhulgaon , tal _haveli, Dist, Pune, Maharashtra 412105","6","0","Last updated about 2 months ago"
" Vatsalya Children Hosp, Dange Chowk","Phone: 8975768407","Address: Khinwasara Trade Center, 1st & 2nd floor, ????? ?????, Dange Chowk Rd, Mangal Nagar, Thergaon, Pune, Maharashtra 411033","10","1","Last updated about 2 months ago"
" Vedant Hospital, MIDC Chinchwad","Phone: 7720005912","Address: Sambhajinagar MIDC Chinchwad","32","3","Last updated about 2 months ago"
" Vital Multispeciality Hospital, Pimpri","Phone: 2027438888","Address: Plot 127, CTS No. 6392, Udyam Nagar, near Anna Saheb Magar stadium, New Telco road, Pimpri, Pune, 411018","28","2","Last updated about 2 months ago"
" New Jijamata Hospital","Phone: 9922501316","Address: 40/662, Shastri Nagar, Pimpri Colony, Pimpri-Chinchwad, Maharashtra 411017","20","0","Last updated about 2 months ago"
" Gharkul B-12, Chikhali (Divine Hosp)","Phone: 9309163248","Address: Gharkul, Chikhali","0","0","Last updated about 2 months ago"
" SKF Copany Guest House (Employee Only)","Phone: 9762888910","Address: SKF Company Campus, Chinchwad","0","0","Last updated about 2 months ago"
" Accord Sant Dnyaneshwar Hospital","Phone: 93709-53474","Address:","4","2","Last updated about 2 months ago"
" Desai Hospital, Bhosari","Phone: 8669665293","Address: no.7, 8, Nashik - Pune Hwy, Near Hotel Haveli, Bhosari, Pune, Maharashtra 411026","15","4","Last updated about 2 months ago"
" Lokmanya Hospital, Chinchwad","Phone: 9881985453","Address: 314 / B, Chinchwad Gaon Rd, Udyog Nagar, Chinchwad, Pune, Maharashtra 411033","72","13","Last updated about 2 months ago"
" AJS City Hospital Thergaon","Phone: 8308081314","Address: Survey No 12/18, Driver colony, Thergaon, Kalewadi Phata, Pune, Maharashtra 411017","14","0","Last updated about 2 months ago"
" Apex Hospital, Kalewadi","Phone: 9588692217","Address: 12, Kalewadi - Rahatani Rd, Kalewadi Phata, Gajanan Nagar, Sulabh Colony, Thergaon, Pimpri-Chinchwad, Maharashtra 411033","4","1","Last updated about 2 months ago"
" Apple Hospital Pimple Nilakh","Phone: 8888568777","Address: S.NO- 26/1/1/2 FLAT NO- 1 TP 7 SHAANTI NIKETAN SOC. WAKAD MAIN ROAD JAGTAP DAIRY PIMPLE NILAKH","20","1","Last updated about 2 months ago"
" Apple Multispeciality Hospital, Chikhali","Phone: 9767589578","Address: 16/2, Dehu - Alandi Rd, Vrindavan Chikhali Patil Nagar, Patilnagar, Gitai Colony, Chikhali, Pimpri-Chinchwad, Maharashtra 412114","4","1","Last updated about 2 months ago"
" Ashraya Hospital, Wakad","Phone: 9860361640","Address: Chamunda Heritage, Survey No 129/1/A/7, Wakad 411057","15","3","Last updated about 2 months ago"
" Bharti Hospital, Pimple Saudagar","Phone: 9975051075","Address: Bharti Hospital, Ganeesham II Near Gold's Gym Pimple Saudagar","7","1","Last updated about 2 months ago"
" Care Lifeline Hospitals, Thergaon","Phone: 7030800300","Address: Sr. No. 5/4/3 Sai Market, Nakhaye Nagsr Sai Mandir, Thergaon","10","0","Last updated about 2 months ago"
" Chest and General Hospital, Indrayani Nagar, Bhosari","Phone: 9850172762","Address: Shubh Complex Near Maharashtra Bank Sec No. 2 Indrayani Nagar Bhosari 41039","18","0","Last updated about 2 months ago"
" Chetna Hospital, MIDC Chinchwad","Phone: 8554990324","Address: Near Rotary Club, MIDC G bLock Chincwad","21","1","Last updated about 2 months ago"
" Citi Care Hospital, Pimpri","Phone: 9834399385","Address: Pimpri","9","1","Last updated about 2 months ago"
" D.Y. Patil Ayurved Hospital, Pimpri","Phone: 7796663366","Address: Dr. D.Y.Patil collage of Ayurved Hospital & Research Center, Pimpri Pune 18","50","2","Last updated about 2 months ago"
" Divine Superspeciality Hospital, Morwadi","Phone: 9284971406","Address: , MIDC Rd, Sector 25, Samrat Chowk, opposite Rama Equator, Morewadi, Pimpri Colony, Pimpri-Chinchwad, Maharashtra 411055","15","2","Last updated about 2 months ago"
" Ganadhish Hospital, Chinchwad","Phone: 9823089264","Address: Ganadish Hospital, Chaphekar Chowk Chinchwad 411033","26","0","Last updated about 2 months ago"
" Global Hospital, Wakad","Phone: 9890669565","Address: Pride Purple Square 1st & 2nd Floor, Kalewadi phata, Wakad, Pimpri-Chinchwad, Maharashtra 411057","8","5","Last updated about 2 months ago"
" Golden Care Hosp,Wakad","Phone: 9881268787","Address: S.No. 117/3, Bhumkar wasti, Hinjwadi Raod, Wakad, Pune 57","8","1","Last updated about 2 months ago"
" Gunjkar Multispeciality Hospital, Chikhali","Phone: 9422879755","Address: Shivatej Nagar, Chinchwad, Vitthal Nagar, Maharashtra 411019","45","12","Last updated about 2 months ago"
" Health Care Hospital, Chikhali","Phone: 9665512395","Address: Laxmi Comples In Front of Gajanan Mhetre garden, Chikhali Pune","6","0","Last updated about 2 months ago"
" Jadhav Hospital, Kalewadi","Phone: 9960688789","Address: Tapkir Chowk Kalewadi","7","0","Last updated about 2 months ago"
" Jeevan Hospital Moshi","Phone: 9325780107","Address: Sector no 4 Pune Nashik Highway, Sant Nagar Moshi Pradhikaran","0","0","Last updated about 2 months ago"
" Jeevan Jyoti Hospital, Kalewadi","Phone: 8237026263","Address: Mhaske Complex Opp. Shivratna Hotel Gajanan Nagar Rahatani Kalewadi","30","1","Last updated about 2 months ago"
" Kamthe Hospital, Dighi","Phone: 9834959803","Address: Dharmveer Sambhaji Raje Chowk, Adarsh Nagar, Dighi","6","0","Last updated about 2 months ago"
" Life Care Multispeciality Hospital, Punawale","Phone: 9527765554","Address: Gaikwad Nagar, Punawale","12","0","Last updated about 2 months ago"
" Lifeline Hospital, Bhosari","Phone: 9822420615","Address: Indrayani Nagar, Bhosari, Pune","14","1","Last updated about 2 months ago"
" Lifepoint Hospital, Wakad","Phone: 7447445727","Address: No. 145, Sr, 1, Mumbai Pune Bypass Rd, near Sayaji Hotel, Wakad, pune, Maharashtra 411057","30","5","Last updated about 2 months ago"
" Lokmanya Hospital, Nigdi","Phone: 9850072473","Address: Sector no.24, Tilak Road, Nigdi","28","5","Last updated about 2 months ago"
" Lotus Multispeciality Hospital Pimple Saudagar","Phone: 9823123005","Address: Dwarka Sai Wonders Complex. Shiv Sai road Survey 173, Pimple Saudagar 411027","32","2","Last updated about 2 months ago"
" Mangalmurti Multispeciality Hospital, Ravet","Phone: 9021279938","Address: S. No. 205/1, Anandtara Palekar Niwas, Nr. Sant Tukaram Maharaj Brigde, Ravet, pune - 412101","11","1","Last updated about 2 months ago"
" Mauli Hospital, Talawade","Phone: 9172027447","Address: SNo. 277 Main Road, Rupee Nagar Main Road, Talawade, Pune - 411062, Near Old Gosane Hospital","23","0","Last updated about 2 months ago"
" Max Neuro Hospital, Kasarwadi","Phone: 8390906080","Address: Kasarwadi","3","10","Last updated about 2 months ago"
" Maxcare Hospital, Pimple Saudagar","Phone: 9604536380","Address: Seeta Plaza Opposite Swaraj Garden, Pimple Saudagar","8","0","Last updated about 2 months ago"
" Medilife Hospital, Kalewadi","Phone: 9552530201","Address: Kalewadi","20","2","Last updated about 2 months ago"
" Metro Hospital, Rahatani","Phone: 7722019193","Address: Next to Sitara Garden Suryoday Colony Nakhatewasti Rahatani","2","1","Last updated about 2 months ago"
" Moraya Hospital, Chinchwadgaon","Phone: 9890645648","Address: Gandhi Peth, Prabhat Colony, Chinchwad Gaon, Chinchwad Pimpri-Chinchwad, Maharashtra 411033","15","6","Last updated about 2 months ago"
" New Life Child Hospital, Kalewadi","Phone: 9225526566","Address: Kalewadi Main Rd, Opp. DMart, Shriram Colony, Kalewadi, Pune, Maharashtra 411017","21","0","Last updated about 2 months ago"
" NRS Hopsital, Wakad","Phone: 9881331333","Address: 1st Floor, Solitaire Business Hub Opp Hotel Ambiance, Kalewadi Phata, Wakad, Pune, Maharashtra 411057","0","3","Last updated about 2 months ago"
" Ojas Hospital, Ravet","Phone: 7385159540","Address: Bhondwe chouk, Ravet, DY Patil College Rd, Akurdi, Pune, Maharashtra 412101","50","6","Last updated about 2 months ago"
" Pan Ortho Hospital, Nigdi","Phone: 9112248067","Address: Riddhi Capital, 5, Chhatrapati Sambhaji maharaj Chowk, Pradhikaran, Nigdi, Pimpri-Chinchwad, Maharashtra 411033","25","1","Last updated about 2 months ago"
" Pataskar Nursing Home, Bhosari","Phone: 9422033778","Address: JAI Ganesh Samrajya, Bhosari, Pune - 411039, Pune Nasik Highway Opposite Panjarpol (","5","1","Last updated about 2 months ago"
" Pooja Hospital, Bhosari","Phone: 9011097102","Address: Survey No 201, Sector No 1, Anand Road, Bhosari, Pune - 411039, Near P M T Chowk","10","0","Last updated about 2 months ago"
" Rahane Hospital, Charholi Budruk","Phone: 7588093056","Address: Rahane Hospital, Pune Alandi Road Next to Sai Mandir, Bhosari","10","2","Last updated about 2 months ago"
" Rode Hospital, Dighi","Phone: 9850227365","Address: Sai Park Survey no 84 Dighi Bhosari road 15","10","0","Last updated about 2 months ago"
" Sai Criticare, Kiwale","Phone: 8805986199","Address: C/O Sai Criticare Hospital, 1st Floor, Vartak Nagar-thane West, Thane - 400606, Laxmi Market, Near Canara Bank & Ratnakar Bank","0","10","Last updated about 2 months ago"
" Saksham Hospital, Thergaon","Phone: 9970254593","Address: Aundh Ravet BRT Road, Near Kaveri Nagar Subway, Police Line Corner Near Sonai Mangal Karyalay, Thergaon, Kalewadi, Pimpri-Chinchwad, Maharashtra 411033","2","0","Last updated about 2 months ago"
" Sant Tukaram Multispeciality Shivkrupa Hosp, Chikhali","Phone: 9822737476","Address: gaon,pune 411062, Dehu - Alandi Rd, Vrindavan Chikhali Patil Nagar, chickhali gaon, Chikhali, Pimpri-Chinchwad, Maharashtra 411062","10","1","Last updated about 2 months ago"
" Sarvadnya Multispeciality Hospital, Moshi","Phone: 7218646464","Address: Sable Heights Gat no 284, Bharatmata Chowk dehuroad Moshi","5","1","Last updated about 2 months ago"
" Shree Gajanan Hospital, Bhosari","Phone: 7887884983","Address: Heera Plaza, Vitthal Arcade, Gavhanevasti, Bhosari, Pimpri-Chinchwad, Maharashtra 411039","23","1","Last updated about 2 months ago"
" Shree Hospital, Sangvi","Phone: 9322365446","Address: Shree Hospital & Maternity Home,324, Sangvi Pune 411 027","5","0","Last updated about 2 months ago"
" Shree Multispeciality Hospital and ICU Moshi","Phone: 9881558230","Address: Gat No 284, Moshi Dehuroad","12","2","Last updated about 2 months ago"
" Varad Hospital & Critical Care, Kiwale","Phone: 9960086699","Address: Maalwale Nagar, No. 2, Adarsh Nagar Rd, Kiwale, Ravet, Pimpri-Chinchwad, Maharashtra 412101","9","1","Last updated about 2 months ago"
" Vighnaharta Hospital,Rahatani","Phone: 8668575601","Address: Jyotiba Colony, Somdas Colony Godambe Chauk Opp Starling Blooms Kalewadi Rahatani, Rode, Pimpri-Chinchwad, Maharashtra 411017","15","0","Last updated about 2 months ago"
" smt.Kashibai Navale medical collge and general Hospital ( Narhe Ambegaon )","Phone: 7030010302","Address: S.No, 49/1, Mumbai Pune Bypass Rd, Narhe - ambegaon Pune, Maharashtra 411041","90","12","Last updated about 2 months ago"
" NOBLE HOSPITAL, ( Hadapsar )","Phone: 9823080895","Address: 153, Road, Magarpatta, Hadapsar, Pune, Maharashtra 411013","66","14","Last updated about 2 months ago"
" Chintamani Hospital, Saswad","Phone: 9422005819","Address: Swarna Nagari, Saswad, Maharashtra 412301","24","2","Last updated about 2 months ago"
" Oyster and Pearl Hospital ( Shivajinagar )","Phone: 020-67216620","Address: 1671, 75, Ganeshkhind Rd, Near Hotel Pride, Narveer Tanaji Wadi, Shivajinagar, Pune, Maharashtra 411005","95","5","Last updated about 2 months ago"
" ANAND HOSP ( DHANKAWADI)","Phone: 9822438909,38001","Address: DHANKAWADI PUNE LAST BUS STOP","2","0","Last updated about 2 months ago"
" Naidu Hospital ( Wellesley Rd )","Phone: 9689931118","Address: Behind Pune Main Railway station, off, Wellesley Rd, 411001","108","12","Last updated about 2 months ago"
" Apple Hospital 2 ( Wadgaon Shinde rd, Lohgaon )","Phone: 9271717433","Address: Sr.No.289, Gajanan Mangal Karyalya, Wadgaon Shinde rd, Lohgaon Pune 47","5","0","Last updated about 2 months ago"
" Aura Multispeciality Hospital,Ambegaon","Phone: 9021229340","Address: Fale Nagar, Near Reliance Mall, Dattanagar rd, Ambegaon BK, Pune-411046","20","2","Last updated about 2 months ago"
" KEM HOSPITAL ( Rasta Peth )","Phone: 8788711413","Address: Sardar, K.E.M. Hospital, Mudaliar Rd, Rasta Peth, Pune, Maharashtra 411011","171","17","Last updated about 2 months ago"
" Hope hospital ( New Nana peth )","Phone: 9422007184","Address: 1062, nana peth, rehman chambers, pune 02","5","0","Last updated about 2 months ago"
" Dhanawantari hospital ( Rasta peth )","Phone: 8806666063/26064996/26061519","Address: 339-c, near Rupee Coop Bank, Rasta Peth, Pune, Maharashtra 411011","2","0","Last updated about 2 months ago"
" Surya Prabha Nursing home ( Kothrud )","Phone: 8485841070/74, 8805598244","Address: ENT hospital, plot no 7, gujrat colony , paud rd kothrud pune 38","6","0","Last updated about 2 months ago"
" Sasoon ( Station Rd )","Phone: 02026102205, 02026102550,02026102620, 02026102616","Address: Station Rd, Agarkar Nagar, Pune, Maharashtra 411001","176","59","Last updated about 2 months ago"
" INAMDAR Multi Specialty HOSPITAL ( Fatima Nagar )","Phone: 9822037000/9372600000/ 9372619218","Address: Inamdar Hospital building s No. 15, Fatima Nagar, Pune, Maharashtra 411040","28","0","Last updated about 2 months ago"
" Villoo Poonawala Memorial Hospital ( Hadapsar )","Phone: 7887887053 / 7887800000","Address: S.No.156, Plot No.1/3A+3B/1+2/3, Pune - Solapur Rd, near Savali Corner, Hadapsar, Pune, Maharashtra 411028","19","3","Last updated about 2 months ago"
" INLAKS & BUDHARANI HOSPITAL ( Koregaon park)","Phone: 02066099701/ 02066099717","Address: 7-9, 1st Ln, Vasani Nagar, Koregaon Park, Pune, Maharashtra 411001","124","27","Last updated about 2 months ago"
" Bharati Hospital ( Ayurvedic ) Dhankawadi","Phone: 02040555615","Address: 3, Bharati Vidyapeeth Campus, Dhankawadi, Pune, Maharashtra 411043","12","2","Last updated about 2 months ago"
" KAVADE NURSING HOME ( Uttam nagar )","Phone: 9822523023","Address: UTTAMNAGAR PUNE 411023","8","0","Last updated about 2 months ago"
" AIMS Hospital & Research Center ( Aundh)","Phone: 8554948899/020-67400124","Address: Survey No 154, AIMS Rd, Near AIMS Square, Aundh, Pune, Maharashtra 411007","88","5","Last updated about 2 months ago"
" Bhimashankar Ayurvedic Hospital Research Centre Ambegaon","Phone: 9890276968","Address: Pune","79","1","Last updated about 2 months ago"
" Medipoint hospital ( Aundh)","Phone: 020 67643200","Address: New DP rd aundh baner","40","5","Last updated about 2 months ago"
" Symbiosis Hospital ( Lavale)","Phone: +91 98186 46489, +91 20 6193 0044, +91 866 998 8365","Address: Pune","80","10","Last updated about 2 months ago"
" Shwas Multispeciality Hospital ( ambegaon bk )","Phone: 9373699122","Address: Shiv- Chhaya Complex, near sunbright school, tukaram nagar, ambegaon BK, Pune 46.","29","1","Last updated about 2 months ago"
" RUBY HALL CLINIC ( Sasoon rd )","Phone: 0","Address: 40, Sasoon Rd, Sangamvadi, Pune, Maharashtra 411001","237","41","Last updated about 2 months ago"
" Mathura Hospital ( Yerawada)","Phone: 9822291506, 9960785224","Address: jay javan nagar , yerawada,pune-06","10","0","Last updated about 2 months ago"
" Chandralok hospital ( Bibwewadi)","Phone: 7887881499","Address: chaitrabal apt, bibwewadi, pune 37","5","2","Last updated about 2 months ago"
" Poona Hospital ( Sadashiv Peth )","Phone: 020-66096000","Address: Shivam, 27, Shivram Matre Rd, Nr. Alka Talkies, Ganjwe Wadi, Sadashiv Peth, Pune, Maharashtra 411030","74","9","Last updated about 2 months ago"
" I MAX HOSPITAL WAGHOLI","Phone: 9822247627","Address: WAGHOLI","50","3","Last updated about 2 months ago"
" Rao Nursing Home ( Bibwewadi)","Phone: 9011068866/7385509944","Address: Survey No. 691A-1A-1 CTS No. 1897-B, Pune - Satara Rd, Bibwewadi, Pune, Maharashtra 411037","30","4","Last updated about 2 months ago"
" YASHORAHI MULTISPECILAITY HOSPITAL ( Shivne )","Phone: 9823090327","Address: S.NO.68/1,SHIVKAMAL PRESTIGE , NDA RD, NEAR DUDHANE PETROL PUMP, SHIVANE, PUNE 23","6","0","Last updated about 2 months ago"
" Shashwat Hospital, Aundh","Phone: 9922944083","Address: Next To DAV School, Opposite Aundh Telephone Exchange, Baner DP Road, Aundh, near Gaikwad Petrol Pump, Pune, Maharashtra 411007","40","0","Last updated about 2 months ago"
" Devyani multispeciality Hospital ( Kothrud)","Phone: 9850811722","Address: Plot No, 121, Lane Number 4, Dahanukar Colony, Kothrud, Pune, Maharashtra 411038","69","2","Last updated about 2 months ago"
" PRIME MULTISPECIALITY HOSPITAL ( Kondhwa )","Phone: 9975586761","Address: Bus Stop, Shakuntal Chembers, near Sus, Pune, Maharashtra 411021","18","4","Last updated about 2 months ago"
" krishna hospital ( Kothrud)","Phone: 020-41403700","Address: 2,Anjanwel,prashant society, paud rd, kothrud, pune 411038","8","3","Last updated about 2 months ago"
" Meera Hospital ( Bhawani Peth )","Phone: 020-67212000","Address: 710, B-4, Shankar Sheth Rd, Chitragupt Colony, Shanti Nagar Society, Bhawani Peth, Pune, Maharashtra 411042","11","1","Last updated about 2 months ago"
" Global Hospital (Sinhgad rd )","Phone: 9922441114","Address: 577/2, off Sinhgad Road, Police Chaoki Rd, near Dattawadi, Dattawadi, Pune, Maharashtra 411030","28","1","Last updated about 2 months ago"
" Sathe Hospital ( Deccan Gymkhana )","Phone: 9970785525","Address: 759, 4, Above Post Office, Deccan Gymkhana, Pune, Maharashtra 411004","15","0","Last updated about 2 months ago"
" Vinod Memorial Hospital ( Visharant wadi )","Phone: 8806666732","Address: Vishrant Society, Visharant Wadi, Pune, Maharashtra 411015","10","0","Last updated about 2 months ago"
" pune Adventist Hospital (Market Yard )","Phone: 9420730717","Address: Salisbury Park, Post Box 1405, Market Yard, Gultekdi, Pune, Maharashtra 411037","23","2","Last updated about 2 months ago"
" Jeevandhara Multispeciality Hospital ( Katraj)","Phone: 020-24369032/33","Address: sr.no.84/2-D, first floor, bhagirathi square bldg, morebaugh, katraj chowk, pune 46","40","2","Last updated about 2 months ago"
" dhanwantari hospital ( dhanori)","Phone: 9373677106","Address: Plot.No 51/246, Bhairav Nagar, Dhanori, Near Ganpati Mandir, Pune, Maharashtra 411015","4","2","Last updated about 2 months ago"
" Seth tarachand ramnath charitable ayurvedic hospital ( Rasta Peth )","Phone: 9834797745 / 9145614638/020 26336945","Address: Rasta Peth, Pune - 411011, Near Apolo Tokij and IndraPrasht and Raj Dhanraj School (Map)","20","0","Last updated about 2 months ago"
" Vimal Nursing Home ( Dhankwadi )","Phone: 020-24373507,","Address: Shewanta Heights Sr.No.20/1-pune satara rd, Balaji Nagar, Dhnakwadi, Pune 43","11","1","Last updated about 2 months ago"
" BHARATI HOSPITAL ( Dhankawadi )","Phone: 9822051716","Address: Pune - Satara Rd, Bharati Vidyapeeth Campus, Dhankawadi, Pune, Maharashtra 411043","210","70","Last updated about 2 months ago"
" Kohakade hospital (Chandan Nagar)","Phone: 7385406224","Address: 39/2, plot no 21, near vijay sales nagar rd, sangam nagar pune","39","1","Last updated 2 months ago"
" Chinmay Hospital ( Uttamnagar )","Phone: 9623475007","Address: Tarachand Complex, Near NDA Police Chowki, Utamnagar,Pune 23","2","0","Last updated 2 months ago"
" Shree samarth Hospital ( Rasta Peth)","Phone: 8805387387","Address: rasta peth pune","49","6","Last updated 2 months ago"
" Patil Hospital,(Sinhgad Road) Pune","Phone: 9225825461","Address: Survery No 28, Hingne Khurd, Sinhagad Road, Narveer Tanaji Malusare Rd, Anand Nagar, Pune, Maharashtra 411051","30","0","Last updated 2 months ago"
" Sushrut Hospital ( Kothrud )","Phone: 7066963300 / 9967090083","Address: Pranav, Nayantara Soc, Bhelkenagar, Kothrud,Pune-411038","6","0","Last updated 2 months ago"
" Medi Square Hospital Perne","Phone: 7875982194","Address: Green Park,Near Perne Toll Plaza,Pune","21","0","Last updated 2 months ago"
" Sai Spandan Hospital ( Hadapsar )","Phone: 9860576115","Address: Shivam complex near sadhana bank pune solapur rd hadapsar","16","2","Last updated 2 months ago"
" Dalvi Hospital ( Shivajinagar )","Phone: na","Address: Babulal Sheikth Path, Narveer Tanaji Wadi, Shivajinagar, Pune, Maharashtra 411005","4","2","Last updated 2 months ago"
" Aundh - baner DCH","Phone: 020-29525922 /","Address: Near post 91 hotel, adjacent SBI bank, baner rd","38","5","Last updated 2 months ago"
" Yash Hospital Hadpasr","Phone: 9112809809","Address: Survey No 168, 10-11, DP Rd, Malwadi, Hadapsar, Pune, Maharashtra 411028","35","3","Last updated 2 months ago"
" Sharad Hospital (sinhgad rd)","Phone: 24350286","Address: opp funtime theater, near canal, wadgon bk pahta, sinhgad rd, pune 51","20","0","Last updated 2 months ago"
" Sonawane Maternity Hospital ( Kashewadi )","Phone: 8856036290","Address: 270, Jawaharlal Nehru Rd, Kashewadi Kashewadi Pune, Maharashtra 411042","0","0","Last updated 2 months ago"
" Critical health care facility, Pune ( Rasta Peth)","Phone: 0","Address: opp. Seth Tarachand Ramnath Charitable Hospital, Rasta Peth, Pune, Maharashtra 411011","8","4","Last updated 2 months ago"
" Jupiter Hospital ( Baner )","Phone: 020-27992799","Address: Near Bharatratna Dr Babasaheb Ambedkar Bridge, Baner Rd, Prathamesh Park, Pimple Nilakh, Pune, Maharashtra 411045","12","0","Last updated 2 months ago"
" Kalyani Hospital ( Guruwar Peth )","Phone: 9822056049","Address: 735, Guruwar Peth, Eknath SMruthi, 1st Floor, Rashtra Bhushan Chowk, Shivaji rd, Pune 02","3","0","Last updated 2 months ago"
" Dr.Mhaske hospital ( Hadapsar)","Phone: 9923010890","Address: sr.no.225/9a+97, near uco bank, gadital, pune solapur rd, hadapsar,pune","12","0","Last updated 2 months ago"
" Pawar Hospital ( Dhankawadi )","Phone: 020-24372008 /9860888892","Address: 49/22, Balajai nagar Dhankawadi pune 43","10","0","Last updated 2 months ago"
" Lokmanya Hospital-Gokhale Nagar","Phone: 9673859185/9922442179","Address: Lokmanya Hospital,Gokhale Nagar,SB Road, Pune","12","3","Last updated 2 months ago"
" Harsh Hospital ( Bibwewadi)","Phone: 020-24267218","Address: A Commerical BLDG 3rd floor todkar garden bibwewadi kondhwa rd bibwewadi pune 37","9","1","Last updated 2 months ago"
" Matoshri Hospital Vadgaon","Phone: 8080281805 ,9175028119","Address: Vadgaon","3","0","Last updated 2 months ago"
" Life Line Hospital (Fursungi)","Phone: 7756977272","Address: Shivaganga Complex, bank of maharashtra hadapsar, Saswad road bhekarai nagar Pune","10","8","Last updated 2 months ago"
" Mantri Hospital (Erandwane )","Phone: 9822096460","Address: 98, Erandwane , Near Mhatre Bridge,Pune 411004","5","0","Last updated 3 months ago"
" RH Narayangaon","Phone: 9561383251","Address: Narayangaon Pune","8","3","Last updated 3 months ago"
" shatayu hospital ( Dhankawadi )","Phone: 9890102089","Address: Sr.No. 30/3/8 Sonawane Complex, Balajinagar, Near Shree Shankar math, Dhankawadi pune 43","2","0","Last updated 3 months ago"
" Rakshak Nagar Krida Sankul CCC KHARADI","Phone: 7499379727","Address: Rakshak Nagar Stadium","0","0","Last updated 3 months ago"
" Adhar hospital ( Hadapsar )","Phone: 9765078515/8484083184","Address: satav nagar, near green city, handewadi rd, hadapsar, pune 411028","11","0","Last updated 3 months ago"
" nagare nursing home ( Uttamnagar )","Phone: 9822091755","Address: NDA rd, uttamnagar pune 411023","14","0","Last updated 3 months ago"
" SILVER BIRCH MULTISPECIALITY HOSPITAL ( Dhayari)","Phone: 9823231846","Address: S.NO.74/6, RAIKAR MALA, MAUJE DHAYARI, PUNE 41","52","7","Last updated 3 months ago"
" GANGA NURSING HOME (Mundhwa)","Phone: 9822289505","Address: NEXT TO PASSPORT OFFICE MUNDHWA RD PUNE 35","15","0","Last updated 3 months ago"
" Sardar Vallabhbhai Patel Hospital Pune","Phone: 9130038713","Address: Opposite Golibar Maidan Camp, Shankar Sheth Rd, Katad Khana, Pune, Maharashtra 411001","0","2","Last updated 3 months ago"
" Rising Medicare Hospital ( Kharadi)","Phone: 9372030440","Address: Survey No 4, Hissa No 1, Off, Mundhwa - Kharadi Rd, behind Radisson Blu, Kharadi, Pune, Maharashtra 411014","17","1","Last updated 3 months ago"
" Chintamani hospital- Bibwewadi","Phone: 020 - 2421 2112 / 15 / 16 / 17","Address: 53, Jedhe nagar, rajaram soc, Bibewadi, pune -411037","0","2","Last updated 3 months ago"
" Railway Hospital ( Station rd )","Phone: 02026111528 / 9664089774","Address: Station rd","30","0","Last updated 3 months ago"
" CCC Attached SIlver line Hosp CCC","Phone: 9028538602","Address: Near Indian Petrol Pump, Handewadi rd, Pune","10","0","Last updated 3 months ago"
" Bora Hospital ( Ganesh Peth )","Phone: 9822035935","Address: 589, Ganesh Peth, Pune 02","5","0","Last updated 3 months ago"
" Sant Sopandev Hospital, saswad","Phone: 9850033971","Address: saswad","18","5","Last updated 3 months ago"
" Minerna hospital ( Shivne )","Phone: 9923232233","Address: ingale pride bldg, ingale colony, NDA rd, shivne pune 23","7","1","Last updated 3 months ago"
" sane guruji aarogy kendra ( Hadapsar )","Phone: 9850730341","Address: hadapsar, pune 28","15","3","Last updated 3 months ago"
" Bade Hospital Kamshet","Phone: 9822351796","Address: Kamshet, Pune","19","8","Last updated 3 months ago"
" HORIZON HEALTH HOSPITAL ( Fursungi )","Phone: 9067887610","Address: NARAYAN CHAMBERS, FIRST FLOOR, SR.NO.177/1 , VITTHAL H P PETROL PUMP, BHEKRAI NAGAR, PUNE SASWAD RD, FURSUNGI","12","1","Last updated 3 months ago"
" Ram Krushna Hospital ( Tilak rd )","Phone: 9422080954","Address: 1536, Sadashiv Peth, Tilak rd, pune 411030","5","0","Last updated 3 months ago"
" Atharva Hospital, Talegaon","Phone: 7385735137","Address: Talegaon","38","3","Last updated 3 months ago"
" lifecare multispeciality hospital (vadgaon budruk)","Phone: 9764457350","Address: sr.no 30/2A+2B, funtime theatre commercial complex,sinhagad road,vadgoan budruk, pune-41","4","0","Last updated 3 months ago"
" Bhandari Hospital( Anand nagar )","Phone: 7447496784","Address: 5 Dhanlaxmi Soc, Aandn Nagar, Pune51","13","0","Last updated 3 months ago"
" Om Chaitanya Hospital, Alephata, junnar","Phone: 9422143011 9975513434","Address: Junnar","15","0","Last updated 3 months ago"
" CHANDRA NURSING HOME ( Kondhwa BK )","Phone: 9325208383 / 8007375984","Address: CHANDRA HEIGHTS, SR.NO.54, KONDHWA, KATRAJ RD, KONDHWA BK , PUNE 48","10","0","Last updated 3 months ago"
" Morya Multi-specialty Hospital ( Sinhgad rd )","Phone: 9921714141","Address: Anudatta Commercial Complex, Sinhgad Rd, Wadgaon Budruk, Narhe, Pune, Maharashtra 411041","58","4","Last updated 3 months ago"
" JEEWAN JYOT MULTISPECIALITY MEDICARE CENCRE ( Kharadi)","Phone: 8390930379","Address: SR.NO.43/1, PATHARE DHUBE NAGAR, NEAR VITHHAL MANDIR, KHARADI PUNE 14","14","1","Last updated 3 months ago"
" ORCHID HOSPITAL ( Lohegaon )","Phone: 9922566400","Address: L-Square, Porwal Road, Sr. No. - 282/3/3, Off. Dhanori Jakat Naka, Lohegaon, Pune, Maharashtra 411047","16","4","Last updated 3 months ago"
" Vishwaraj Hospital","Phone: 9405854467","Address: Solapur Rd, Rajbaug, Loni Kalbhor","74","10","Last updated 3 months ago"
" shatayu hospital ( mundhawa )","Phone: 9921482070","Address: near aryan hostal, lonkar vasti,manjari rd, keshvanagar,mundhawa,pune 36","6","0","Last updated 3 months ago"
" Astang Multispeciality Hospital ( Sadashiv Peth )","Phone: 9096568819","Address: Sadashiv Peth. Near SP College, Tilak rd","20","0","Last updated 3 months ago"
" Khenat Hospital ( Karve Nagar)","Phone: 7709188744","Address: sai hsg soc, sr.no.53, near state bank nagar karve nagar chowk pune","15","0","Last updated 3 months ago"
" Shree Hospital Criticare & Trauma Center Pvt Ltd( Kharadi)","Phone: 9822040769,9823077204","Address: 7/3B (part), Gulmohor Society, Kharadi, Pune 14","14","5","Last updated 3 months ago"
" Shatayu Hospital ( Wadgaon )","Phone: 7620960342","Address: Sr.NO.12/3 a +4/ 2 a, lagdmal, Wadgaon BK, Rajyoga Soc Rasta, Pune 41","6","0","Last updated 3 months ago"
" aarya multispecity hospital(kondhwa)","Phone: 9975622923","Address: s.no.7/40,aambedkar nagar,near crown bakery, kondhwa,pune 48","20","0","Last updated 3 months ago"
" Tanmay Hospital ( Hadapsar )","Phone: 9860148121","Address: Shop No 1,2,3, Siddhi BLDG, Kubera Sankul, Gadital, DP rd, Hadapsar, Pune 28","5","0","Last updated 3 months ago"
" Inaam hospital( yerwada)","Phone: 9822502806","Address: 191, Jail Rd, Nagpur Chal, Yerawada, Pune, Maharashtra 411006","6","0","Last updated 3 months ago"
" Phoenix Multispeciality Hospital Wagholi Pune","Phone: 9594206018","Address: Honey Complex 1st floor near bajar Pune nagar road wagholi pune","20","2","Last updated 3 months ago"
" Pearl hospital ( Hadapsar )","Phone: 8237421291,9960027206","Address: 311 gandharvgeet sasane nagar , hadapsar, pune","10","0","Last updated 3 months ago"
" Shraddha Hospital ( Mundhwa)","Phone: 9823921693,8485098798,8177856807","Address: Mundhwa pune 36","9","0","Last updated 3 months ago"
" Kurkute Hospital ( Wadgaon Sheri)","Phone: 9822316866","Address: Vitthal Nagar, Wadgaon Sheri, Pune 14","3","0","Last updated 3 months ago"
" SHRI GIRI HOSPITAL & HEART CARE CENTER ( Hadapsar 0","Phone: 7769909292","Address: 2 +3 MATRUSMURTI BLDG, S.NO.227/2/2+5/3 ND 227/3+4/5 PUNE SOLAPUR RD, HADAPSAR PUNE 28","10","1","Last updated 3 months ago"
" Sancheti Hospital ( Shivajinagar )","Phone: 020 27999999 / 8806666303","Address: 11/12 Thube Park 16, Shivajinagar, Pune, Maharashtra 411005","25","2","Last updated 3 months ago"
" Amrut Hospital and Research Center, Alandi","Phone: 9822634464 9657708625","Address: Alandi Pune","10","0","Last updated 3 months ago"
" Shree seva Hospital ( Fursungi )","Phone: 9766959515","Address: yashraj bahar BLDG, Saswad rd, Bhekarayi nagar, Fursungi Pune","12","0","Last updated 3 months ago"
" JANHITARTH MULTISPECIALITY HOSPITAL","Phone: 7719028121","Address: GHULE NAGAR MUNDHWA ROAD MANJARI BK PUNE","13","2","Last updated 3 months ago"
" SANKALP HOSPITAL SHIRUR","Phone: 8421385555","Address: SHIKSHAK COLONY, RAMLING ROAD , SHIRUR, TAL= SHIRUR DIST = PUNE PIN CODE 412210","14","0","Last updated 3 months ago"
" Todkar Hospital ( Bhavani Peth)","Phone: 9822024041","Address: 158, Bhavani Peth, Gul Ali, Pune 02","12","0","Last updated 3 months ago"
" kirad nursing home","Phone: 9881716152","Address: sr.no.49/2,flat no.43,chandannagar, pune 14","0","0","Last updated 3 months ago"
" suraj hospital (kondhwa rd)","Phone: 8380095717,9860888892","Address: Bibwewadi Kondhwa Rd, Burhani Colony, Market Yard, Bibwewadi, Pune, Maharashtra 411037","10","0","Last updated 3 months ago"
" Prabha Hospital ( Hadapsar )","Phone: 9224688223","Address: Sr.NO.174/2/28/ Opp Bank Of Maharashtra, Pune Saswad rd, Hadapsar, Pune","6","0","Last updated 3 months ago"
" PARAS NURSING HOME ( Dhankawadi )","Phone: 020-24378052 / 9028775027","Address: GULAB NAGAR.PLOT NO 1 DHANKAWADI","3","0","Last updated 3 months ago"
" Annasaheb Magar Stadium (Jumbo Facility)","Phone: 9922509321","Address: Trishul Sahakari Housing Society, Yashwantnagar, Pimpri Colony, Pimpri-Chinchwad, Maharashtra 411018","140","60","Last updated 3 months ago"
" A.B.Services Boys Hostel, Akurdi (Ayush Hosp.)","Phone: 9922736052","Address: Dr.D.Y.Patil College Road, Akurdi","0","0","Last updated 3 months ago"
" All India Jain Foundation, Ravet (Oxycare Hospital)","Phone: 9422555055","Address: Plot No.12, AR-2, Siddhi Corner, Above Keen Mart, D.Y.Patil Road, Pradhikaran","0","0","Last updated 3 months ago"
" Hotel Daksh, New Telco Road, Pimpri (Divine Hospital)","Phone: 9879888192","Address: Udyam Nagar, Near Annasaheb magar Stadium, New Telco Road, Pimpri-411018","0","0","Last updated 3 months ago"
" Hotel Ginger, Wakad (Apollo Hospital)","Phone: 9075965550","Address: Wakad","0","0","Last updated 3 months ago"
" Hotel Pioneer (Nandedkar Hosp)","Phone: 9960889451","Address: SN 49/1/1, Behind Pratibha Motors, Near Pandit Petrol Pump, Dange Chowk, Tathawade, Pune-411033","0","0","Last updated 3 months ago"
" Hotel Regal Inn, Morewadi (Ayush Hosp)","Phone: 9922736052","Address: Morwadi","0","0","Last updated 3 months ago"
" Sai Darshan Building, Pimple Gurav (Ayushri Hospiital)","Phone: 9923231681","Address: Sai Darshan Bulding, sr.no. 73/8, A wing, PimpleGurav, Pune 61","0","0","Last updated 3 months ago"
" SPM School, Yamunanagar (Star Hospital)","Phone: 7972438063","Address: SPM.School, Nigdi, Yamunanagar","0","0","Last updated 3 months ago"
" Sai Prasad Hospital ( Dattannagar )","Phone: , 7821074109,9822518726","Address: Sr.No.33, Opp Vasundhara SocFreinds BLDG, Near Ganesh Mandir, Bharati Vidyapith, Dattanagar rd,","44","0","Last updated 3 months ago"
" Ushakiran Hospital ( Hadapsar )","Phone: 9422300897","Address: Usha Kiran Genral Sr.No.229/A-1, Kamdhenu Estate, Hadapsar, Pune 411028","8","2","Last updated 3 months ago"
" LifeCare Multispecility Hospital ( Near Samruddhi Hotel Hadapsar )","Phone: 7020167179","Address: Behind D mart, Near Samruddhi Hotel, Kalepadal rd, Hadapsar, Pune-411028","8","2","Last updated 3 months ago"
" Hardikar Hospital ( Shivaji nagar)","Phone: 7774064091","Address: 1160/61, University Rd, Revenue Colony, Shivajinagar, Pune, Maharashtra 411005","1","3","Last updated 3 months ago"
" Yogeshwari Hospital","Phone: 9226837010","Address: Shalimar Chowk, Daund","9","4","Last updated 3 months ago"
" Dr B. A. Cantonment General Hospital, Khadki","Phone: 0","Address: Khadki Cantonment, Pune","70","0","Last updated 3 months ago"
" Balnagari (Ruby Ailcare)","Phone: 9881729591","Address: J-522, MIDC Rd, Khande Wasti, Pimpri Chinchwad New Twp Development Authority, MIDC, Bhosari, Pimpri-Chinchwad, Maharashtra 411026","0","0","Last updated 4 months ago"
" Gharkul B-10, Chikhali (Divine Hosp)","Phone: 9309163248","Address: Gharkul, Chikhali","0","0","Last updated 4 months ago"
" Gharkul D-5, Chikhali (Icon Hosp)","Phone: 9881729591","Address: Sector 19, Chikhali, Vitthal Nagar, Maharashtra 411019","0","0","Last updated 4 months ago"
" Allince Munot Hospital ( Bhawani Peth )","Phone: 020-26451691, 9922414489","Address: 387/5, new tibar market, shankar shet rd, bhawani peth, pune 411042","10","0","Last updated 4 months ago"
" Asha Clinic ( Fursungi )","Phone: 8390877799","Address: Sr.NO.173, Hira Arjun Complex, Old Fursungi rd, Bhekarai Nagar, Fursungi, Pune 412308","5","0","Last updated 4 months ago"
" Vighnaharta Multi-speciality Hospital ( Bibwewadi )","Phone: 99-21884422/020-24412288","Address: Plot No.5 Mahesh Society,Opp Petrol Pump, Bibvewadi,Pune-411037","25","2","Last updated 4 months ago"
" Gurukrupa Hospital ( Dandekar Bridge )","Phone: 7038062772","Address: 263/6 Near Dandekar Bridge, Behind Petrol Pump, Pune 30","7","0","Last updated 4 months ago"
" APPLE HOSPITAL ( LOHAGON )","Phone: 8010044775","Address: APPLE HOSPITAL, LOHAGON,PUNE 47","14","1","Last updated 4 months ago"
" Medwin Cares Hospital, Narhe, Haveli","Phone: 9561741141","Address: Krishana Ghodnadikar Tower Bhumkar Chowk Pune","8","0","Last updated 4 months ago"
" Remedy Hospital ( Hadapsar )","Phone: 020-26999186 / 9423013305","Address: sr.no.228, ramanand complex, near janseva bank, hadapsar, pune 411028","15","1","Last updated 4 months ago"
" SAHARA MULTISPECILITY HOSPITAL( Shinhgad rd )","Phone: 7045800800/9960399949","Address: YASH PLAZA DANDEKAR POOL, SHINHGAD RD PUNE 30","7","0","Last updated 4 months ago"
" GIRIJA HOSPITAL ( Kothrud)","Phone: 7498507232","Address: SR.NO.87,AAZADNAGAR, KOTHRUD,,PUNE 38","10","0","Last updated 4 months ago"
" JAGTAP MULTISPECIALITY HOSPITAL ( Sinhgad rd)","Phone: 8080772936, 020 24352976, 7769951782, 8999074246,","Address: SINHGAD RD, ANAND NAGAR, NEAR SANTOSH HALL, FRONT OFF BHANDARI HOSP, PUNE 411051","29","0","Last updated 4 months ago"
" Morya Hospital, Ubalenagar, Wagholi","Phone: 7588831919","Address: Ubalenagar, Wagholi","8","1","Last updated 5 months ago"
" Sanjeevani Hospital Kamshet","Phone: 9769447714","Address: Kamshet","5","1","Last updated 5 months ago"
" Shree ganesha multispeciality hospital","Phone: 7387565123","Address: Shirur 412210","21","0","Last updated 5 months ago"
" CARE HOSPITAL WAGHOLI","Phone: 8007771999","Address: WAGHOLI","21","2","Last updated 5 months ago"
" Shinde Nursing Home ( Bhawani Peth )","Phone: 020-26380058","Address: 71, Bhawani Peth,Geetanjali Complex, GulALi Pune 42","5","0","Last updated 5 months ago"
" MATRUCHHAYA NURSING HOME ( Warje)","Phone: 8446479548","Address: 1st floor, Ankur Plaza, Near, Warje Flyover, chwok, Warje, Pune, Maharashtra 411058","8","0","Last updated 6 months ago"
" Mahalaxmi Hospital,","Phone: 9921829010`","Address: Gopalwadi Road,Daund, PUNE","3","0","Last updated 6 months ago"
" lifeline hospital kondhwa","Phone: 8888442202","Address: NIBM Rd, Kausar Baugh, Kondhwa, Pune, Maharashtra 411048","6","2","Last updated 6 months ago"
" Panchsheel Hospital ( NANA PETH )","Phone: 9823588880 / 9762268113","Address: 368, Nana Peth, Pune -02","5","0","Last updated 6 months ago"
" New Sofia Clinic ( Kondhwa KH )","Phone: 9511295983","Address: city tower bldg, 1st floor,near suzuki showroom,kauser baugh kondhwa khurd, pune 48","6","0","Last updated 7 months ago"
" Kasturba Specility Hospital (Visharant Wadi)","Phone: +917378591700","Address: St Francis School, Near, A/99,KasturbaSoc.Off, Airport Rd, Visharant Wadi, Pune, Maharashtra 411015","9","1","Last updated 7 months ago"
" Pulse Hospital, Narhe, Pune","Phone: 7798838485","Address: Narhe, Pune","13","4","Last updated 7 months ago"
" VIMAL MULTISPECIALITY HOSPITAL ( Lohgaon)","Phone: 9175884800","Address: 281,Dhanori Jakat-Naka, Lohegaon, Pune, Maharashtra 411047","10","0","Last updated 7 months ago"
" Navjeevan Nursing Home ( Hadapsar )","Phone: 9823137136 / 020 26970300 /9834201640","Address: Galli No 4 B, Sayyed Nagar, Hadapsar, Pune 28","25","0","Last updated 7 months ago"
" Nikhil Polyclinic ( Yerwada )","Phone: 020-25501015, 9422030442,9689934284","Address: 1st Lane, Nagpur chawl, Air Port Road,Pune 06","8","0","Last updated 7 months ago"
" Medicare Hospital ( Hadapsar)","Phone: 9850403026","Address: Near Amanora City, Opposite Suzlon Energy, Malwadi, Sadesatra Nali, Hadapsar, Pune - 411028","18","0","Last updated 7 months ago"
" Sanjeevan Hospital ( karve rd )","Phone: 7887882698","Address: F.P23, off Karve Road, Kashibai Khilare Path, Opposite Pune Cenrtal, Pune, Maharashtra 411004","41","6","Last updated 7 months ago"
" N M Wadia institute of Cardiology ( Sasson rd )","Phone: 020-67636400, 9607996716","Address: sasson rd, pune 411001","19","2","Last updated 7 months ago"
" Agarwal Maternity & General Hospital (Chandan Nagar )","Phone: 8446461156","Address: Kharadi rd, Sangharsh Chowk, Chandan Nagar, Pune 14","24","0","Last updated 7 months ago"
" SHREE GANESH MULTISPECILITY HOSPITAL ( manjari) )","Phone: 8329694790/7387895422","Address: ganesh plazma , 3rd floor, manjari pune 412307","12","1","Last updated 7 months ago"
" Shree Hospital Baramati","Phone: 7038119200","Address: Baramati","15","1","Last updated 7 months ago"
" Shivnandan Hospital Baramati","Phone: 8308385181 / 7972153463","Address: Baramati","8","0","Last updated 7 months ago"
" SDH Bhor","Phone: 8007992008","Address: Sub District Hopital Bhor","43","5","Last updated 7 months ago"
" prakash hospital( hadapsar)","Phone: 9552016103 / 8459960099","Address: shatanand complex, hadapsar ( gadital) pune 28","7","0","Last updated 7 months ago"
" Tukaai multispecility hospital ( Kharadi)","Phone: 9011972177","Address: sr.no.45/5,plot no 31, eknath pathare wasti near datta mandir, kharadi , pune-14","8","0","Last updated 7 months ago"
" RH Vadgaon Maval","Phone: 9421008333","Address: Vadgaon Maval","3","0","Last updated 8 months ago"
" Balewadi Sports Complex (BVG India)","Phone: 8605834682","Address: Balewadi","0","0","Last updated 8 months ago"
" Gharkul B-9, Chikhali (Divine Hosp)","Phone: 7030729676","Address: Gharkul, Chikhali","0","0","Last updated 8 months ago"
" Gharkul D-7, Chikhali (Icon Hosp)","Phone: 9561023231","Address: Chikhali","0","0","Last updated 8 months ago"
" Gharkul D-8, Chikhali (Icon Hosp)","Phone: 9561023231","Address: Chikhali","0","0","Last updated 8 months ago"
" Social Justice Departments Boys Hostel, Moshi (Trust Health Care)","Phone: 9172259047","Address: Moshi","0","0","Last updated 8 months ago"
" Sinhgad Speciality Hospital,Nanded phata,Sinhagad Road Pune","Phone: 9970832213","Address: Nanded phata,Sinhagad Road Pune","5","0","Last updated 8 months ago"
" Patil Hospital ( Dattananagar )","Phone: 8605121899","Address: Dattananagr pune 46","5","0","Last updated 8 months ago"
" Varadvinayak Multi Speciality Hospital Mandavgan Pharata","Phone: 9226361672","Address: Mandavgan Pharata Tal Shirur Dist Pune","11","3","Last updated 8 months ago"
" NIXI ICU & ACCIDENT HOSPITAL","Phone: 7387039191","Address: HANDEWADI CHAUK HADPASAR ROAD","13","0","Last updated 8 months ago"
" AMRUT HOSPITAL ( Yerwada)","Phone: 9325362742","Address: SUDARSHAN COMPLEX , 2 ND FLOOR, NEAR CHITRA TAKIES, OPP KASHMIRI COLONY, YERWADA,PUNE06","9","0","Last updated 8 months ago"
" Patil Hospital DCHC Choufula Daund","Phone: 7083030675 8830497600","Address: Kedgaon Road,Choufulla Daund Pune","10","0","Last updated 8 months ago"
" Londhe Hospital Baramati","Phone: 9822047714","Address: Baramati","4","0","Last updated 8 months ago"
" Dr.Gujrati Hospital Manchar Ambegaon","Phone: 9028595874","Address: Manchar ambegaon","2","0","Last updated 8 months ago"
" Nilkanth Hospital, Indapur","Phone: 9730698447","Address: Indapur","4","0","Last updated 8 months ago"
" Maulinath Hospital Shikrapur","Phone: 7448286286 7038286286","Address: Shikrapur, Chakan Chowk Pune Nagar road, Pune 412208","20","1","Last updated 8 months ago"
" DHANVANTARI HOSPITAL SASWAD","Phone: 9860383840","Address: SASWAD","4","2","Last updated 8 months ago"
" OM HOSPITAL, Pragaon Shingave,Ambegaon","Phone: 9175826903 / 9975593724","Address: Tal. Ambegaon Dis Pune","3","3","Last updated 8 months ago"
" Arogyam Hospital, Chakan","Phone: 080-43694671","Address:","23","3","Last updated 9 months ago"
" Bhakare Super Speciality Hospital & Research Institute ( Ambegaon BK)","Phone: 8830409001","Address: Bhakare Super Speciality Hospital And research Institute, Jambulwadi Rd, Datta Vihar, Dattanagar, Shani Nagar, Ambegaon BK, Pune, Maharashtra 411046","28","5","Last updated 9 months ago"
" Maxcare Hospital Narayangaon","Phone: 9890886361","Address: Narayangaon tal Junnar, pune","5","1","Last updated 9 months ago"
" Sanjeevani Chest and General Hospital","Phone: 9665914363","Address: Rajgurunagar, Kacheri Road, Next to Janata Baker, Tal- Khed, Pune","10","0","Last updated 9 months ago"
" Giriraj Hospital, Baramati","Phone: 02112223426","Address: Near Baramati ST Depot, Baramat, Pune","15","4","Last updated 9 months ago"
" Tulja Bhavani Hospital, Junnar","Phone: 9881435523, 9766990820","Address: Junnar","14","0","Last updated 9 months ago"
" Jivanrekha Multispeciality Hospital, Dehuroad, Pune","Phone: 7385159540","Address: Dehuroad, Pune","37","0","Last updated 9 months ago"
" DR Varpe Hospital Manchar Ambegaon","Phone: 9960251560","Address: Manchar Ambegaon Pune 410503","7","0","Last updated 9 months ago"
" Shri Vinayak Hospital,Manchar ambegaon","Phone: 9850125517","Address: Mulewadi road,Manchar","1","1","Last updated 9 months ago"
" Bhakt Niwas, Devsthan Trust","Phone: 9272272727 ,9423039139","Address: Ozar","0","0","Last updated 10 months ago"
" RH Rui","Phone: 9890510426","Address: Pune","14","2","Last updated 10 months ago"
" SDH Baramati","Phone: 9689154522","Address: Pune","50","0","Last updated 10 months ago"
" Dr Babasaheb Ambedkar Dehuroad Cantonment General Hospital Dehuroad","Phone: 8275111131 02027671210","Address: Dehuroad","32","0","Last updated 10 months ago"
" Rh Alandi","Phone: 8007529199","Address: alandi pune","24","0","Last updated 10 months ago"
" Medical College Campus ,Baramati","Phone: 8766437980","Address: Baramati","0","0","Last updated 10 months ago"
" Shreenath Hospital wadki","Phone: 8888842195","Address: Wadki,Pune saswad road tal-haveli,dist-pune","4","0","Last updated 10 months ago"
" Shantabai Deshpande Hospital Baramati","Phone: 9225500902","Address: Baramati","30","0","Last updated 10 months ago"
" RH Nimgaon Ketki","Phone: 9657002025","Address: Rural Hospital Nimgaon ketki","15","0","Last updated 10 months ago"
" ZP Covid Hospital, Hinjewadi, Pune","Phone: 9867796743","Address: Hinjewadi, Pune","49","0","Last updated 10 months ago"
" Pushpalaxmi Hospital, Daund","Phone: 9545019848","Address: Daund","17","3","Last updated 10 months ago"
" RH Chandoli","Phone: 7887375649","Address: Khed","31","0","Last updated 10 months ago"
" Surya Multispeciality Hospital, Chakan","Phone: 96377 39778","Address: CHAKAN, TALUKA KHED","8","1","Last updated 10 months ago"
" Lenyadri Hospital","Phone: 8275964116","Address: Pune","0","0","Last updated 10 months ago"
" Shree Hospital Shirur","Phone: 9096729839","Address: karandi shirur pune","6","0","Last updated 10 months ago"
" Jagannath Hospital Baramati","Phone: 9860885508","Address: Baramati","19","0","Last updated 10 months ago"
" SDH Manchar Ambegaon","Phone: 02133 223152","Address: Manchar Pune","56","11","Last updated 10 months ago"
" Karegaon MIDC Hall, Shirur","Phone: 9921672119","Address: Shirur","0","0","Last updated 10 months ago"
" Pawana Hospital, somatane phata","Phone: 9673984212 ,9028009048","Address: Maval","60","3","Last updated 10 months ago"
" RH Saswad","Phone: 9373943534","Address: Pune","0","3","Last updated 10 months ago"
" Lotus Multispeciality Hospital, Manjari, Haveli","Phone: 9860085057","Address: Manjari, Haveli","11","3","Last updated 10 months ago"
" Bhakti Hospital Sanaswadi","Phone: 9975709871","Address: Sanaswadi, Shirur, Pune","10","0","Last updated 10 months ago"
" SIDDHIVINAYAK HOSPITAL NARHE","Phone: 7020086597","Address: NARHE RD , BEHIND NAVALE HOSPITAL, NARHE","0","0","Last updated 10 months ago"
" MAHESH SMRUTI Multi Specialty HOSPITAL SHEWALWADI","Phone: 9021028646","Address: SHEWALWADI PUNE","14","6","Last updated 10 months ago"
" SDH Daund","Phone: 8983451788","Address: Sub District Hopital Daund","4","7","Last updated 10 months ago"
" RH Shirur","Phone: 9096165183","Address: RH Shirur","19","0","Last updated 10 months ago"
" SDH Indapur","Phone: 9822494507","Address: Pune","83","4","Last updated 10 months ago"
" Chintamani Hospital, Koregaon","Phone: 9834975542","Address: Koregaon, PUNE","25","2","Last updated 10 months ago"
" Vighnaharta Hospital Narhe","Phone: 8975134242","Address: narhe","12","2","Last updated 10 months ago"
" Dhande Hospital,Junnar","Phone: 8080262001","Address: Alephata,Pune Nashik Highway","11","2","Last updated 10 months ago"
" Shree Shivraj Nursing Home Baramati","Phone: 9890725827 9921725827","Address: Abhinkur Building Nira Road Ksasab Baramati","0","0","Last updated 10 months ago"
" CCC Lonavala","Phone: 8668394551","Address: Lonavala, Pune","0","0","Last updated 10 months ago"
" RH Nhavara Shirur","Phone: 9420840048","Address: RH Nhavara, Shirur, Pune","18","0","Last updated 10 months ago"
" Matoshree Hospital, Manchar ambegaon","Phone: 9284968321, 8208083738","Address: Manchar, Sai Complex, Pimpalgaon Phata, taluka Ambegaon Dist Pune","5","0","Last updated 10 months ago"
" Covid Care Centre Talegaon Dabhade","Phone: 7709299066","Address: National institute Of post harvest technology vadgaon pune","0","0","Last updated 10 months ago"
" Shree Chaitanya hospital Baramati","Phone: 8805418100","Address: Baramati","22","0","Last updated 10 months ago"
" Dhakne Hospital Talegaon Dabhade","Phone: 9822373869","Address: Talegaon Dabhade","15","0","Last updated 10 months ago"
" Arogya Criticare Hospital Baramati","Phone: 9623649936","Address: Baramati","9","1","Last updated 10 months ago"
" Siddhivinayak Hospital, Nasrapur","Phone: 9623331574","Address: Nasrapur, Pune","5","0","Last updated 10 months ago"
" Covid Care Center Tolani, Indori Hospital","Phone: 8149149390","Address: Covid Care Center Tolani, Indori, Taluka Maval, Talegaon","0","0","Last updated 10 months ago"
" CCC Janseva Foundation,Ranawadi(Velha)","Phone: 9423802095","Address: AT Janseva Foundation,Ranawadi,Tal Velha Dist Pune","0","0","Last updated 10 months ago"
" RH Velhe","Phone: 8624953002","Address: Velhe, Pune","28","2","Last updated 10 months ago"
" CCC Velha ITI Kondhawale","Phone: 9423802095","Address: At Kondhawale,post Antroli Tal Velha Pune","0","0","Last updated 10 months ago"
" Sparsh Hospital, somatane phata","Phone: 9579894848","Address: Maval, Pune","0","3","Last updated 10 months ago"
" Talawade hospital","Phone: 8788740927","Address: dehugaon vitthalwadi","10","2","Last updated 10 months ago"
" Shree Hospital (Shikrapur)","Phone: 8308838989","Address: chakan chowk ,talegaon road , shikrapur","10","0","Last updated 10 months ago"
" Shree Hospital, Shikrapur","Phone: 8308838989","Address: chakan chowk, talegaon road, Shirkrapur","10","0","Last updated 10 months ago"
" Manchar City Hospital Manchar Ambegaon","Phone: 7447430043","Address: Manchar City Hospital Manchar Ambegaon","5","1","Last updated 10 months ago"
" RH Kale Colony","Phone: 9421000077","Address: Kale Colony,MAVAL","3","0","Last updated 10 months ago"
" Pyramid Hospital Daund","Phone: 9326444168","Address: Sahakar Chowk, Daund","0","1","Last updated 10 months ago"
" PANSARE HOSPITAL,Daund","Phone: 9860011625","Address: Daund, Pune","3","0","Last updated 10 months ago"
" Manisha Hospital, Junnar","Phone: 7558585866","Address: Junnar","5","2","Last updated 10 months ago"
" Jaihind Hospital, Chakan","Phone: 8605195775","Address: Chakan, Pune","18","1","Last updated 10 months ago"
" Onkar Hospital Baramati","Phone: 9822459390","Address: Baramati","12","0","Last updated 10 months ago"
" Baramati Hospital, Baramati","Phone: 7249130009 9422011360","Address: Baramati","39","0","Last updated 10 months ago"
" MIMER Hospital","Phone: 8087099040, 02114308380, 02114308386","Address: Yashwant Nagar Rd, Yashwant Nagar, Talegaon Dabhade, Maharashtra 410507","126","4","Last updated 10 months ago"
" RUBY HALL CLINIC, Hinjawadi","Phone: 954521331","Address: Rajeev Gandhi Infotech Park, MIDC Phase No 1, Plot No, P-33, Hinjawadi - Wakad Rd, Pune, Maharashtra 411057","8","0","Last updated 10 months ago"
" Mahesh Memorial Hospital, Alephata Junnar","Phone: 9552304597","Address: junnar","3","0","Last updated 10 months ago"
" Malegaon Covid Care Center","Phone: 7588955736","Address: Malegaon","0","0","Last updated 10 months ago"
" Vighnaharta Multispeciality Hospital, Narayangoan","Phone: 9011301961","Address: Savleram Market, 1st and 2nd Floor, Pune Nashik Highway, Narayangaon Tal Junnar, Pune","5","0","Last updated 10 months ago"
" Harjeevan Hospital, Bholawade, Bhor","Phone: 9022219098 ,9552414151","Address: Bholawade, Bhor","7","3","Last updated 10 months ago"
" khaire hospital Narayangaon","Phone: 9822331088","Address: Hanuman chauk.Narayangaon Tal junnar Dist pune","3","0","Last updated 10 months ago"
" Shri Sant Tukaram Hospital Dehuroad","Phone: 9763095350","Address: 104,East Mumbai Pune Road,Dehuroad.Pune- 412101","14","0","Last updated 10 months ago"
" Dr Babasaheb Cantonment General Hospital Dehuroad/Covid Care Center MG School MB Camp Dehuroad","Phone: 9011062329","Address: Dehuroad","6","0","Last updated 10 months ago"
" CT NURSING HOME ( Dhanori )","Phone: 8888405204","Address: 16, Shree Ram Pride, Dhanori Rd, Madhav Nagar, Dhanori, Pune, Maharashtra 411015","15","0","Last updated 10 months ago"
" Ranka Hospital ( Swargate )","Phone: 9503606607, 7387601495","Address: 157 / 5, SS Dhage Rd, Mukund Nagar, near Swargate, Pune, Maharashtra 411037","25","0","Last updated 10 months ago"
" Sai Samarth Hospital ( Kasba Peth )","Phone: 9923322903","Address: survey No 1486, Near Daruwala Pool, Kasba Perth, Pune - 411011","12","1","Last updated 10 months ago"
" Universal Hospital ( Shaniwar wada )","Phone: 02024578899/ 8888288880","Address: 1420 , Kasba Peth, near Shaniwar, Wada, Pune, Maharashtra 411011","25","5","Last updated 10 months ago"
" Bharatiya Jain Sanghatana(BJS), Wagholi","Phone: 9881595781/9850218999/9970340801","Address: Pune","0","0","Last updated 10 months ago"
" Suryakant Hospital, Junnar","Phone: 9975564133","Address: Junnar","19","0","Last updated 10 months ago"
" Deokate Hospital Baramati","Phone: 9049374040","Address: Baramati","4","2","Last updated 10 months ago"
" SAYALI NURSING HOME KONDWE DHAWADE","Phone: 9822936400","Address: KONDWE DHAWADE NR TELEPHONE EX","10","0","Last updated 10 months ago"
" Matruchhaya Hospital Shirur","Phone: 9960922091","Address: Sushila park shirur 412210","10","1","Last updated 10 months ago"
" Surya Hospital, Shikrapur","Phone: 8792123461","Address: Shikrapur, Pune","26","6","Last updated 10 months ago"
" Vedant Hospital, Shirur, Pune","Phone: 9860899858","Address: Shirur, Pune","24","4","Last updated 10 months ago"
" Sanjivani Hospital,Lonavala","Phone: 9923520254","Address: Sanjivani Hospital,Lonavala","19","2","Last updated 10 months ago"
" Anandi Jumbo Covid Care Center, Khalad","Phone: 8847710966","Address: taluka Purnadar, Pune","50","0","Last updated 10 months ago"
" Aadhar Multispecialty Hospital","Phone: 7038277196","Address: Behind Rajgurnagar Bank, old Pune mumbai Highway dehu road, Pune","23","1","Last updated 10 months ago"
" Gorad Hospital Baramati","Phone: 9096044482","Address: Baramati","16","0","Last updated 10 months ago"
" Spandan Hospital, Alephata, Junnar","Phone: 9960980990","Address: alephata, junnar","13","0","Last updated 10 months ago"
" sanjivani hospital, manchar Ambegaon","Phone: 8624033223","Address: Manchar","9","0","Last updated 10 months ago"
" K K Multispeciality Hospital, Alandi","Phone: 9890364104","Address: Alandi Pune","0","2","Last updated 10 months ago"
" District Hospital Aundh Pune","Phone: 02029517760","Address: Pune","31","9","Last updated 10 months ago"
" SHREEYASH MULTISPECIALITY HOSPITAL KIRKATWADI","Phone: 9819061310","Address: KIRKATWADI Singhroad Pune","10","0","Last updated 10 months ago"
" Om Hospital somatane phata","Phone: 9371333533","Address: Somatne Phata","7","1","Last updated 10 months ago"
" Sushrut Hospital Rajgurunagar","Phone: 8888205884","Address: Sushrut hospital, Oposite to Hutatma Rajguru mahavidyalay, Pune Nashik Highway pune","10","1","Last updated 10 months ago"
" Mahavir Hospital Kamshet","Phone: 9096355765 ,9822403422","Address: Kamshet","14","3","Last updated 10 months ago"
" Chiatanya Hospital Koregaon Bhima Shirur","Phone: 7507077608 9969595757 7709442323","Address: Pune Nagar Road, Koregaon Bhima, Tal Shirur","8","0","Last updated 10 months ago"
" Adhar Hospital, Shingave Avasari Budruk Ambegaon","Phone: 9975051000","Address: Avasari Budruk Ambegaon","11","0","Last updated 10 months ago"
" LIFELINE HOSPITAL WAGHOLI","Phone: 9923337166","Address: WAGHOLI","20","1","Last updated 10 months ago"
" Giridhar Hospital & Maternity Home","Phone: 9423580971","Address: Narhe Omkar Heights Bhmkar Nagar","1","0","Last updated 10 months ago"
" Langhe Hospital, Shikrapur","Phone: 9975056908 9975601969","Address: Shikrapur","23","5","Last updated 10 months ago"
" Khomane Hospital Baramati","Phone: 9665791529","Address: Baramati","10","0","Last updated 10 months ago"
" Vivekanand Hospital, Bhosari","Phone: 8956355554","Address: Surya Heights, Nashik - Pune Hwy, Vitthal Arcade, Gavhanevasti, Bhosari, Pimpri-Chinchwad, Maharashtra 411039","9","0","Last updated 10 months ago"
" Omkar Khalane Hospital, Rahatani","Phone: 9921190078","Address: Ujwala health care's Omkar Khalane hospital, Survey No. 16/3,1, Aundh ravet Rd, Opp. Park Street, Rahatani, Pune- 411017","17","0","Last updated 10 months ago"
" Sabale Superspeciality Hosp, Bhosari","Phone: 9822004630","Address: Pune - Nashik Highway, Sai Venkata Trade Centre, Bhosari, Pimpri-Chinchwad, Maharashtra 411039","28","0","Last updated 10 months ago"
" Saidham Multispeciality Hospital, Bhosari","Phone: 9922661831","Address: Landewadi Road Bhosari","5","0","Last updated 10 months ago"
" Saileela Hospital, Pimpale Gurav","Phone: 9730651565","Address: Katepuram Chowk, Pimple Gurav","13","0","Last updated 10 months ago"
" Shree Multispeciality Hospital, Bhosari","Phone: 8983326820","Address: Shree Multispeciality Hospital, Bhau Complex Pune Nashik Highway, Dhawadewaasti, Bhosari","20","0","Last updated 10 months ago"
" Brahmhachaitanya Super Sp Hospital, Chinchwad","Phone: 9922553333","Address: Bhoir Colony, Station Road Near Ramkrishna More Sabhagruha, opp. Tata Motors Plant, Pimpri-Chinchwad, Maharashtra 411033","0","3","Last updated 10 months ago"
" Krushnadeep Hospital Kamshet","Phone: 9881824081","Address: Kamshet","8","0","Last updated 10 months ago"
" Gawade Hospital Baramati","Phone: 9860017620","Address: Baramati","24","2","Last updated 10 months ago"
" Walchandnagar,Indapur","Phone: 9404998459","Address: Indapur","0","0","Last updated 11 months ago"
" LifeLine Hospital Baramati","Phone: 9822255076","Address: Baramati","24","0","Last updated 11 months ago"
" SOMTWADI CCC JUNNAR","Phone: 9921413053","Address: Junnar","0","0","Last updated 11 months ago"
" Swasthya Hospital, Khodad Road, Narayangaon","Phone: 9890861966","Address: Narayangoan","6","0","Last updated 11 months ago"
" Tribal Boys Hostel, Moshi (Trust Healthcare)","Phone: 8888442244","Address: Moshi","0","0","Last updated 11 months ago"
" Shraddha Hospital & ICU Daund","Phone: 9049072555","Address: Shalimar Chowk Meera Society Road Daund","1","3","Last updated 11 months ago"
" Waghmode hospital Alephata, Junnar","Phone: 8999275172","Address: Junnar","12","0","Last updated 11 months ago"
" Pioneer Hospital, Somatane, Maval","Phone: 7709328158","Address: Somatane, Maval","20","0","Last updated 11 months ago"
" Shri Someshwar ICU & Hospital Waghalwadi Baramati","Phone: 9623131131","Address: Waghalwadi Baramati","13","2","Last updated 11 months ago"
" Shri Samarth Krupa Health Center, Wakad","Phone: 7798886059","Address: Sadguru Colony No 2 Datta Mandir Road, Opp Alankar jweller, wakad 57","10","0","Last updated 11 months ago"
" Gharkul D-6, Chikhali (Icon Hosp)","Phone: 9561023231","Address: Gharkul, Chikhali","0","0","Last updated 11 months ago"
" MHADA -11 C, Mahalunge (Bhise Hospital)","Phone: 9169757777","Address: Mahalunge","0","0","Last updated 11 months ago"
" Swami Vivekanand COVID Health Centre, Narayangoan","Phone: 9284283818","Address: Narayangoan","32","0","Last updated 11 months ago"
" Shivneri Hospital, Junnar","Phone: 99600 37604","Address: Alephata , Taluka Junnar","1","0","Last updated 11 months ago"
" SHANTI HOSPITAL SANASWADI SHIRUR","Phone: 9822247636","Address: SANASWADI PUNE NAGAR HIGWAY SHIRUR PUNE","6","0","Last updated 11 months ago"
" Magasvargiy Mulinche Shaskiya Vastigruh Indapur","Phone: 9822494507","Address: No Data Available","0","0","Last updated 11 months ago"
" Magasvargiy Mulinche Shaskiya Vastigruh Shirur","Phone: No Data Available","Address: No Data Available","0","0","Last updated 11 months ago"
" Yashodhara ICU and Trauma Center, Bhigwan","Phone: 9970232482","Address: Bhigwan Taluka Indapur","5","0","Last updated 11 months ago"
" CT Bora Collage Hostel, Shirur","Phone: 8779444196","Address: Shirur","0","0","Last updated 11 months ago"
" Pawar Hospital Baramati","Phone: 8889831973","Address: Baramati","1","0","Last updated 11 months ago"
" Velhe ITI CCC","Phone: 8624953002","Address: Velhe, Pune","8","0","Last updated 11 months ago"
" PAWAR HOSPITAL CHAKAN","Phone: 9004869494","Address: CHAKAN-KHED","0","1","Last updated 11 months ago"
" Onyx Hospital, Chinchwad","Phone: 8087374414","Address: Sr.No. 156 Plot No. 6 Choudahri Vishwa Bijali Nagar Chinchwad","18","4","Last updated 11 months ago"
" Crystal Hospital, Thergaon","Phone: 8483088516","Address: Sr. No 14/16, Ganesh corner Building Near 16, No Bus stop belthikanagr Thergoan Pune 33","15","0","Last updated 11 months ago"
" Z.V.M MULTISPECIALITY HOSPITAL","Phone: 7447499869","Address: K.B. Hidayatullah Road, New Modikhana, Azam Campus Pune","9","2","Last updated 11 months ago"
" Makan Surgical Maternity and Accident Hospital, Old Sangvi","Phone: 2027281175","Address: Makan Surgical Maternity and Accident Hospital, Old Sangvi","21","2","Last updated 11 months ago"
" Mulshi Speciality Hospital,","Phone: 8825190657","Address: Pirangut","5","0","Last updated 11 months ago"
" Shwas Hospital, Chakan","Phone: 7020099620 ,9730900333, 8275455440,8275455440","Address: chakan","18","2","Last updated 11 months ago"
" KK Hospital (Chandan nagar )","Phone: 7030607333","Address: Pune Nagar rd, Chandan nagar Pune 14","10","0","Last updated 11 months ago"
" Mauli Hospital Pabal ,Shikrapur","Phone: 7741889633","Address: Pabal Chowk, Shikrapur","1","0","Last updated 11 months ago"
" Sanchit Hospital Baramati","Phone: 9970522389","Address: Baramati","0","0","Last updated 11 months ago"
" Millenium Hospital Hinjawadi, Tal. Mulshi","Phone: 9890662389","Address: hinjawadi","12","2","Last updated 11 months ago"
" Shree Mangalmurti Hospital Rahatani","Phone: 7769096297","Address: Near Talathi Office, Kalewadi Rahatni","8","0","Last updated 11 months ago"
" Mehata Hospital Baramati","Phone: 9890265918","Address: Baramati","0","0","Last updated 11 months ago"
" Auto-Cluster PCMC","Phone: 7030000170","Address: H-Block, Plot No. C-181 Chinchwad East, Old Mumbai - Pune Hwy, Pune, Maharashtra 411019","91","1","Last updated 12 months ago"
" Kamshet Hospital","Phone: 7517231333","Address: Kamshet","2","0","Last updated 12 months ago"
" Shree Hospital, Varale, Maval","Phone: 9970784634","Address: Varale, Maval","10","0","Last updated 12 months ago"
" Alandi Hospital, Alandi","Phone: 9527042828","Address: Alandi Pune","0","0","Last updated 12 months ago"
" Apeksha Hospital, Charholi","Phone: 9860595667","Address: Alandi Road Chowiswadi, Charoli BK","4","0","Last updated about 1 year ago"
" Trauma Care Center Bhigawan","Phone: 9822494507","Address: Bhigawan, Indapur","60","0","Last updated about 1 year ago"
" Smt Kashibai Navale Medical College(Narhe)","Phone: 9822288512","Address: S.No, 49/1, Mumbai Pune Bypass Rd, Narhe, Pune, Maharashtra 411041","13","0","Last updated almost 2 years ago"
" Golden Care Hospital","Phone: 0","Address: Hinjawadi","0","0","Last updated almost 2 years ago"
